depense_prevue,cible_indicateur,pourcentage_resultat,ratio_resultat_cible,gros_budget,type_indicateur,ministere,ministere_libelle,finalite,finalite_libelle,statut,statut_libelle,categorie_beneficiaire_action,categorie_beneficiaire_action_libelle,electrique,depassement
5.738749032648901,-0.09105748202729665,0.49601166886306963,-0.3597063624238448,1,1,3,MELCCFP,1,Atténuation,0,en cours,2,Citoyens,1,1
4.2708891295552975,-0.09105748202729665,0.49601166886306963,-0.3597063624238448,1,1,3,MELCCFP,1,Atténuation,0,en cours,2,Citoyens,1,0
3.1492784374736926,-0.09105748202729665,0.49601166886306963,-0.3597063624238448,1,1,3,MELCCFP,1,Atténuation,0,en cours,2,Citoyens,1,0
2.0927744346422075,-0.09105748202729665,0.49601166886306963,-0.3597063624238448,1,1,3,MELCCFP,1,Atténuation,0,en cours,2,Citoyens,1,0
2.489333360074754,-0.09105748202729665,0.49601166886306963,-0.3597063624238448,1,1,3,MELCCFP,1,Atténuation,0,en cours,2,Citoyens,1,0
-0.3528695651895546,-0.09116603231470774,-0.6442135879871936,-0.35940894425949516,1,2,8,MTMD,1,Atténuation,0,en cours,2,Citoyens,1,0
-0.3244593735167752,-0.09116603231470774,-0.6442135879871936,-0.35940894425949516,1,2,8,MTMD,1,Atténuation,0,en cours,2,Citoyens,1,0
-0.2924979078848983,-0.09116603231470774,-0.6442135879871936,-0.35940894425949516,1,2,8,MTMD,1,Atténuation,0,en cours,2,Citoyens,1,0
0.03280760576542455,-0.09105748202729665,0.49601166886306963,-0.3597063624238448,1,1,3,MELCCFP,1,Atténuation,0,en cours,2,Citoyens,1,1
0.10897456019745505,-0.09105748202729665,0.49601166886306963,-0.3597063624238448,1,1,3,MELCCFP,1,Atténuation,0,en cours,2,Citoyens,1,0
0.13069557224087855,-0.09105748202729665,0.49601166886306963,-0.3597063624238448,1,1,3,MELCCFP,1,Atténuation,0,en cours,2,Citoyens,1,0
0.13069557224087855,-0.09105748202729665,0.49601166886306963,-0.3597063624238448,1,1,3,MELCCFP,1,Atténuation,0,en cours,2,Citoyens,1,0
0.3247811875691052,-0.09105748202729665,0.49601166886306963,-0.3597063624238448,1,1,3,MELCCFP,1,Atténuation,0,en cours,2,Citoyens,1,0
0.11084147675533243,-0.09105748202729665,0.49601166886306963,-0.3597063624238448,1,1,3,MELCCFP,1,Atténuation,0,en cours,18,Organismes à but non lucratif,1,0
0.713891191577856,-0.09105748202729665,0.49601166886306963,-0.3597063624238448,1,1,3,MELCCFP,1,Atténuation,0,en cours,18,Organismes à but non lucratif,1,0
0.9149352382082273,-0.09105748202729665,0.49601166886306963,-0.3597063624238448,1,1,3,MELCCFP,1,Atténuation,0,en cours,18,Organismes à but non lucratif,1,0
0.9682043475946888,-0.09105748202729665,0.49601166886306963,-0.3597063624238448,1,1,3,MELCCFP,1,Atténuation,0,en cours,18,Organismes à but non lucratif,1,0
1.5233498626007593,-0.09105748202729665,0.49601166886306963,-0.3597063624238448,1,1,3,MELCCFP,1,Atténuation,0,en cours,18,Organismes à but non lucratif,1,0
-0.1633984456498295,-0.09105748202729665,0.49601166886306963,-0.3597063624238448,1,1,3,MELCCFP,1,Atténuation,0,en cours,5,Entreprises (grandes entreprises),1,0
-0.13592043971615342,-0.09105748202729665,0.49601166886306963,-0.3597063624238448,1,1,3,MELCCFP,1,Atténuation,0,en cours,5,Entreprises (grandes entreprises),1,0
-0.11315000254265689,-0.09105748202729665,0.49601166886306963,-0.3597063624238448,1,1,3,MELCCFP,1,Atténuation,0,en cours,5,Entreprises (grandes entreprises),1,0
-0.08714627248036053,-0.09105748202729665,0.49601166886306963,-0.3597063624238448,1,1,3,MELCCFP,1,Atténuation,0,en cours,5,Entreprises (grandes entreprises),1,0
-0.07057685681780237,-0.09105748202729665,0.49601166886306963,-0.3597063624238448,1,1,3,MELCCFP,1,Atténuation,0,en cours,5,Entreprises (grandes entreprises),1,0
-0.35434938696710044,-0.09116624898194808,0.625213878290688,-0.29201495666028765,1,2,8,MTMD,1,Atténuation,0,en cours,15,Milieu municipal,1,0
-0.31291785744429707,-0.09116624898194808,0.625213878290688,-0.29201495666028765,1,2,8,MTMD,1,Atténuation,0,en cours,15,Milieu municipal,1,0
-0.29220209268289543,-0.09116624898194808,0.625213878290688,-0.29201495666028765,1,2,8,MTMD,1,Atténuation,0,en cours,15,Milieu municipal,1,0
-0.3077387919593581,-0.09116624898194808,0.625213878290688,-0.29201495666028765,1,2,8,MTMD,1,Atténuation,0,en cours,15,Milieu municipal,1,0
-0.3543492626725118,-0.09116624898194808,0.625213878290688,-0.29201495666028765,1,2,8,MTMD,1,Atténuation,0,en cours,15,Milieu municipal,1,0
1.0911849647982328,-0.09105748202729665,0.49601166886306963,-0.3597063624238448,1,1,3,MELCCFP,1,Atténuation,0,en cours,7,Entreprises (petites ou moyennes entreprises),1,0
1.120287654893036,-0.09105748202729665,0.49601166886306963,-0.3597063624238448,1,1,3,MELCCFP,1,Atténuation,0,en cours,7,Entreprises (petites ou moyennes entreprises),1,0
0.5953205818894588,-0.09105748202729665,0.49601166886306963,-0.3597063624238448,1,1,3,MELCCFP,1,Atténuation,0,en cours,7,Entreprises (petites ou moyennes entreprises),1,0
0.5953205818894588,-0.09105748202729665,0.49601166886306963,-0.3597063624238448,1,1,3,MELCCFP,1,Atténuation,0,en cours,7,Entreprises (petites ou moyennes entreprises),1,0
0.4177568839345874,-0.09105748202729665,0.49601166886306963,-0.3597063624238448,1,1,3,MELCCFP,1,Atténuation,0,en cours,7,Entreprises (petites ou moyennes entreprises),1,0
-0.3783203618964195,-0.0911662766415958,-0.6982491976449426,-0.35972189558351664,0,3,3,MELCCFP,1,Atténuation,2,en élaboration,23,inconnu,0,0
-0.3605639921009324,-0.0911662766415958,-0.6982491976449426,-0.35972189558351664,0,3,3,MELCCFP,1,Atténuation,2,en élaboration,23,inconnu,0,0
-0.3664827820327614,-0.0911662766415958,-0.6982491976449426,-0.35972189558351664,0,3,3,MELCCFP,1,Atténuation,2,en élaboration,23,inconnu,0,0
-0.36944217699867593,-0.0911662766415958,-0.6982491976449426,-0.35972189558351664,0,3,3,MELCCFP,1,Atténuation,2,en élaboration,23,inconnu,0,0
-0.37240157196459045,-0.0911662766415958,-0.6982491976449426,-0.35972189558351664,0,3,3,MELCCFP,1,Atténuation,2,en élaboration,23,inconnu,0,0
-0.3590842946179751,-0.0911662766415958,-0.6982491976449426,-0.35972189558351664,0,1,8,MTMD,1,Atténuation,1,en suspens,5,Entreprises (grandes entreprises),0,1
2.7586383019729754,-0.0911662766415958,-0.6982491976449426,-0.35972189558351664,1,1,8,MTMD,1,Atténuation,1,en suspens,5,Entreprises (grandes entreprises),0,0
3.169994202235094,-0.0911662766415958,-0.6982491976449426,-0.35972189558351664,1,1,8,MTMD,1,Atténuation,1,en suspens,5,Entreprises (grandes entreprises),0,0
4.156212574626109,-0.0911662766415958,-0.6982491976449426,-0.35972189558351664,1,1,8,MTMD,1,Atténuation,1,en suspens,5,Entreprises (grandes entreprises),0,0
3.9157617336455544,-0.0911662766415958,-0.6982491976449426,-0.35972189558351664,1,1,8,MTMD,1,Atténuation,1,en suspens,5,Entreprises (grandes entreprises),0,0
0.42589522009085234,-0.09113631202325069,-0.07604464516320658,-0.3596925128338083,1,1,8,MTMD,1,Atténuation,0,en cours,21,Transporteurs scolaires à contrat,1,1
0.4591884134573907,-0.09113631202325069,-0.07604464516320658,-0.3596925128338083,1,1,8,MTMD,1,Atténuation,0,en cours,21,Transporteurs scolaires à contrat,1,0
1.716931273971063,-0.09113631202325069,-0.07604464516320658,-0.3596925128338083,1,1,8,MTMD,1,Atténuation,0,en cours,21,Transporteurs scolaires à contrat,1,0
0.7307129015800482,-0.09113631202325069,-0.07604464516320658,-0.3596925128338083,1,1,8,MTMD,1,Atténuation,0,en cours,21,Transporteurs scolaires à contrat,1,0
0.9711637425606033,-0.09113631202325069,-0.07604464516320658,-0.3596925128338083,1,1,8,MTMD,1,Atténuation,0,en cours,21,Transporteurs scolaires à contrat,1,0
0.10346913855446495,-0.09115774825022065,-0.6447360207243023,-0.35971301663344113,1,1,8,MTMD,1,Atténuation,0,en cours,7,Entreprises (petites ou moyennes entreprises),0,0
0.20290480940919292,-0.09115774825022065,-0.6447360207243023,-0.35971301663344113,1,1,8,MTMD,1,Atténuation,0,en cours,7,Entreprises (petites ou moyennes entreprises),0,0
0.1625090681244597,-0.09115774825022065,-0.6447360207243023,-0.35971301663344113,1,1,8,MTMD,1,Atténuation,0,en cours,7,Entreprises (petites ou moyennes entreprises),0,0
0.1625090681244597,-0.09115774825022065,-0.6447360207243023,-0.35971301663344113,1,1,8,MTMD,1,Atténuation,0,en cours,7,Entreprises (petites ou moyennes entreprises),0,0
0.1625090681244597,-0.09115774825022065,-0.6447360207243023,-0.35971301663344113,1,1,8,MTMD,1,Atténuation,0,en cours,7,Entreprises (petites ou moyennes entreprises),0,0
0.897138520021775,-0.09112617015242619,-0.335071178661229,-0.35970908193193935,1,1,8,MTMD,1,Atténuation,0,en cours,5,Entreprises (grandes entreprises),1,0
1.928567291123939,-0.09112617015242619,-0.335071178661229,-0.35970908193193935,1,1,8,MTMD,1,Atténuation,0,en cours,5,Entreprises (grandes entreprises),1,0
2.0007378667564186,-0.09112617015242619,-0.335071178661229,-0.35970908193193935,1,1,8,MTMD,1,Atténuation,0,en cours,5,Entreprises (grandes entreprises),1,0
3.3350846482064194,-0.09112617015242619,-0.335071178661229,-0.35970908193193935,1,1,8,MTMD,1,Atténuation,0,en cours,5,Entreprises (grandes entreprises),1,0
3.5547155478039825,-0.09112617015242619,-0.335071178661229,-0.35970908193193935,1,1,8,MTMD,1,Atténuation,0,en cours,5,Entreprises (grandes entreprises),1,0
-0.22818747344430776,-0.09105748202729665,0.49601166886306963,-0.3597063624238448,1,1,3,MELCCFP,1,Atténuation,0,en cours,18,Organismes à but non lucratif,1,0
-0.22651884818672652,-0.09105748202729665,0.49601166886306963,-0.3597063624238448,1,1,3,MELCCFP,1,Atténuation,0,en cours,18,Organismes à but non lucratif,1,0
-0.19464654912517265,-0.09105748202729665,0.49601166886306963,-0.3597063624238448,1,1,3,MELCCFP,1,Atténuation,0,en cours,18,Organismes à but non lucratif,1,0
-0.04937094522456609,-0.09105748202729665,0.49601166886306963,-0.3597063624238448,1,1,3,MELCCFP,1,Atténuation,0,en cours,18,Organismes à but non lucratif,1,0
-0.04181196982077823,-0.09105748202729665,0.49601166886306963,-0.3597063624238448,1,1,3,MELCCFP,1,Atténuation,0,en cours,18,Organismes à but non lucratif,1,0
0.013396061162476242,-0.09116627571960753,0.603517762291739,1.6381868119050798,1,2,8,MTMD,1,Atténuation,1,en suspens,0,Administrations portuaires,1,0
0.1119210152088811,-0.09116627571960753,0.603517762291739,1.6381868119050798,1,2,8,MTMD,1,Atténuation,1,en suspens,0,Administrations portuaires,1,0
0.42504896630337424,-0.09116627571960753,0.603517762291739,1.6381868119050798,1,2,8,MTMD,1,Atténuation,1,en suspens,0,Administrations portuaires,1,0
0.13661436217270762,-0.09116627571960753,0.603517762291739,1.6381868119050798,1,2,8,MTMD,1,Atténuation,1,en suspens,0,Administrations portuaires,1,0
-0.12233269734481321,-0.09116627571960753,0.603517762291739,1.6381868119050798,1,2,8,MTMD,1,Atténuation,1,en suspens,0,Administrations portuaires,1,0
-0.3798000593793768,-0.0911662766415958,-0.6982491976449426,-0.35972189558351664,0,3,8,MTMD,1,Atténuation,2,en élaboration,16,Ministères et organismes gouvernementaux,0,0
-0.37536096693050497,-0.0911662766415958,-0.6982491976449426,-0.35972189558351664,0,3,8,MTMD,1,Atténuation,2,en élaboration,16,Ministères et organismes gouvernementaux,0,0
-0.37092187448163316,-0.0911662766415958,-0.6982491976449426,-0.35972189558351664,0,3,8,MTMD,1,Atténuation,2,en élaboration,16,Ministères et organismes gouvernementaux,0,0
-0.3664827820327614,-0.0911662766415958,-0.6982491976449426,-0.35972189558351664,0,3,8,MTMD,1,Atténuation,2,en élaboration,16,Ministères et organismes gouvernementaux,0,0
-0.3620436895838896,-0.0911662766415958,-0.6982491976449426,-0.35972189558351664,0,3,8,MTMD,1,Atténuation,2,en élaboration,16,Ministères et organismes gouvernementaux,0,0
-0.3798000593793768,-0.0911662766415958,-0.6982491976449426,-0.35972189558351664,0,3,3,MELCCFP,1,Atténuation,2,en élaboration,23,inconnu,0,0
-0.3768406644134622,-0.0911662766415958,-0.6982491976449426,-0.35972189558351664,0,3,3,MELCCFP,1,Atténuation,2,en élaboration,23,inconnu,0,0
-0.3738812694475477,-0.0911662766415958,-0.6982491976449426,-0.35972189558351664,0,3,3,MELCCFP,1,Atténuation,2,en élaboration,23,inconnu,0,0
-0.37092187448163316,-0.0911662766415958,-0.6982491976449426,-0.35972189558351664,0,3,3,MELCCFP,1,Atténuation,2,en élaboration,23,inconnu,0,0
-0.36944217699867593,-0.0911662766415958,-0.6982491976449426,-0.35972189558351664,0,3,3,MELCCFP,1,Atténuation,2,en élaboration,23,inconnu,0,0
-0.3772401827338607,-0.0911662752586134,-0.6982491976449426,-0.35972189558351664,0,2,3,MELCCFP,1,Atténuation,0,en cours,23,inconnu,0,0
-0.37906021063789813,-0.0911662766415958,-0.6982491976449426,-0.35972189558351664,0,3,3,MELCCFP,1,Atténuation,2,en élaboration,17,OBNL,0,0
-0.37906021063789813,-0.0911662766415958,-0.6982491976449426,-0.35972189558351664,0,3,3,MELCCFP,1,Atténuation,2,en élaboration,17,OBNL,0,0
-0.38098381736574255,-0.0911662766415958,-0.6982491976449426,-0.35972189558351664,0,3,3,MELCCFP,1,Atténuation,4,non démarrée,23,inconnu,0,0
-0.3811317871140383,-0.0911662766415958,-0.6982491976449426,-0.35972189558351664,0,3,3,MELCCFP,1,Atténuation,4,non démarrée,23,inconnu,0,0
-0.3768406644134622,-0.09116626096779543,-0.6982491976449426,-0.35972189558351664,0,2,3,MELCCFP,1,Atténuation,0,en cours,23,inconnu,0,0
-0.370270807589132,-0.0911662766415958,-0.6982491976449426,-0.35972189558351664,0,3,8,MTMD,1,Atténuation,2,en élaboration,5,Entreprises (grandes entreprises),0,0
-0.3785275195440335,-0.0911662766415958,-0.6982491976449426,-0.35972189558351664,0,3,8,MTMD,1,Atténuation,2,en élaboration,5,Entreprises (grandes entreprises),0,0
4.919736475832057,10.972692804627844,-0.6982491976449426,-0.35972189558351664,1,2,8,MTMD,1,Atténuation,0,en cours,18,Organismes à but non lucratif,0,0
6.369100160388695,10.972692804627844,-0.6982491976449426,-0.35972189558351664,1,2,8,MTMD,1,Atténuation,0,en cours,18,Organismes à but non lucratif,0,0
5.271164628034406,10.972692804627844,-0.6982491976449426,-0.35972189558351664,1,2,8,MTMD,1,Atténuation,0,en cours,18,Organismes à but non lucratif,0,0
5.419134376330132,10.972692804627844,-0.6982491976449426,-0.35972189558351664,1,2,8,MTMD,1,Atténuation,0,en cours,18,Organismes à but non lucratif,0,0
5.419134376330132,10.972692804627844,-0.6982491976449426,-0.35972189558351664,1,2,8,MTMD,1,Atténuation,0,en cours,18,Organismes à but non lucratif,0,0
0.7788030697761592,-0.09116616600300498,0.05026680431864926,-0.350148578280033,1,2,8,MTMD,1,Atténuation,0,en cours,3,Communautés autochtones,0,1
0.7788030697761592,-0.09116616600300498,0.05026680431864926,-0.350148578280033,1,2,8,MTMD,1,Atténuation,0,en cours,3,Communautés autochtones,0,0
0.7788030697761592,-0.09116616600300498,0.05026680431864926,-0.350148578280033,1,2,8,MTMD,1,Atténuation,0,en cours,3,Communautés autochtones,0,0
0.7788030697761592,-0.09116616600300498,0.05026680431864926,-0.350148578280033,1,2,8,MTMD,1,Atténuation,0,en cours,3,Communautés autochtones,0,0
0.7788030697761592,-0.09116616600300498,0.05026680431864926,-0.350148578280033,1,2,8,MTMD,1,Atténuation,0,en cours,3,Communautés autochtones,0,0
-0.3280106474758726,-0.09116627341463689,-0.1403490719577928,-0.1150799256618039,1,2,8,MTMD,1,Atténuation,0,en cours,15,Milieu municipal,0,0
-0.3280106474758726,-0.09116627341463689,-0.1403490719577928,-0.1150799256618039,1,2,8,MTMD,1,Atténuation,0,en cours,15,Milieu municipal,0,0
-0.319132462578129,-0.09116627341463689,-0.1403490719577928,-0.1150799256618039,1,2,8,MTMD,1,Atténuation,0,en cours,15,Milieu municipal,0,0
-0.319132462578129,-0.09116627341463689,-0.1403490719577928,-0.1150799256618039,1,2,8,MTMD,1,Atténuation,0,en cours,15,Milieu municipal,0,0
-0.319132462578129,-0.09116627341463689,-0.1403490719577928,-0.1150799256618039,1,2,8,MTMD,1,Atténuation,0,en cours,15,Milieu municipal,0,0
-0.3590842946179751,-0.0911662766415958,-0.6982491976449426,-0.35972189558351664,0,3,10,inconnu,3,inconnu,3,inconnu,23,inconnu,0,0
-0.25550547081096675,-0.09116623054218295,-0.43548512610216783,-0.351656260182607,1,0,3,MELCCFP,1,Atténuation,0,en cours,6,Entreprises (grands émetteurs),0,0
-0.25550547081096675,-0.09116623054218295,-0.43548512610216783,-0.351656260182607,1,0,3,MELCCFP,1,Atténuation,0,en cours,6,Entreprises (grands émetteurs),0,0
-0.27770093305532567,-0.09116623054218295,-0.43548512610216783,-0.351656260182607,1,0,3,MELCCFP,1,Atténuation,0,en cours,6,Entreprises (grands émetteurs),0,0
-0.3808358476174468,-0.09116625820183065,0.3431643703044027,-0.27980550932370823,0,2,2,MEIE,1,Atténuation,0,en cours,16,Ministères et organismes gouvernementaux,0,0
-0.3808358476174468,-0.09116625820183065,0.3431643703044027,-0.27980550932370823,0,2,2,MEIE,1,Atténuation,0,en cours,16,Ministères et organismes gouvernementaux,0,0
-0.3808358476174468,-0.09116625820183065,0.3431643703044027,-0.27980550932370823,0,2,2,MEIE,1,Atténuation,0,en cours,16,Ministères et organismes gouvernementaux,0,0
-0.3808358476174468,-0.09116625820183065,0.3431643703044027,-0.27980550932370823,0,2,2,MEIE,1,Atténuation,0,en cours,16,Ministères et organismes gouvernementaux,0,0
-0.3808358476174468,-0.09116625820183065,0.3431643703044027,-0.27980550932370823,0,2,2,MEIE,1,Atténuation,0,en cours,16,Ministères et organismes gouvernementaux,0,0
2.990672499375881,-0.09115948619808466,2.9910530143212064,-0.3589530943113379,1,1,3,MELCCFP,1,Atténuation,0,en cours,18,Organismes à but non lucratif,0,1
3.2588677628625238,-0.09115948619808466,2.9910530143212064,-0.3589530943113379,1,1,3,MELCCFP,1,Atténuation,0,en cours,18,Organismes à but non lucratif,0,0
3.6135530429207288,-0.09115948619808466,2.9910530143212064,-0.3589530943113379,1,1,3,MELCCFP,1,Atténuation,0,en cours,18,Organismes à but non lucratif,0,0
4.146594540986888,-0.09115948619808466,2.9910530143212064,-0.3589530943113379,1,1,3,MELCCFP,1,Atténuation,0,en cours,18,Organismes à but non lucratif,0,0
3.495871832039018,-0.09115948619808466,2.9910530143212064,-0.3589530943113379,1,1,3,MELCCFP,1,Atténuation,0,en cours,18,Organismes à but non lucratif,0,0
0.547260007643007,-0.0911293971113249,-0.6982491976449426,-0.35972189558351664,1,1,3,MELCCFP,1,Atténuation,0,en cours,6,Entreprises (grands émetteurs),0,0
0.42977387711805404,-0.0911293971113249,-0.6982491976449426,-0.35972189558351664,1,1,3,MELCCFP,1,Atténuation,0,en cours,6,Entreprises (grands émetteurs),0,0
0.2701373430406401,-0.0911293971113249,-0.6982491976449426,-0.35972189558351664,1,1,3,MELCCFP,1,Atténuation,0,en cours,6,Entreprises (grands émetteurs),0,0
0.37706520315326264,-0.0911293971113249,-0.6982491976449426,-0.35972189558351664,1,1,3,MELCCFP,1,Atténuation,0,en cours,6,Entreprises (grands émetteurs),0,0
0.5178836992881425,-0.0911293971113249,-0.6982491976449426,-0.35972189558351664,1,1,3,MELCCFP,1,Atténuation,0,en cours,6,Entreprises (grands émetteurs),0,0
0.5088823784049596,-0.09116166670031194,0.6732098864576616,-0.35930092139993813,1,1,3,MELCCFP,1,Atténuation,0,en cours,5,Entreprises (grandes entreprises),0,1
0.8984903006167255,-0.09116166670031194,0.6732098864576616,-0.35930092139993813,1,1,3,MELCCFP,1,Atténuation,0,en cours,5,Entreprises (grandes entreprises),0,0
1.1299563533740749,-0.09116166670031194,0.6732098864576616,-0.35930092139993813,1,1,3,MELCCFP,1,Atténuation,0,en cours,5,Entreprises (grandes entreprises),0,0
0.9504479777992016,-0.09116166670031194,0.6732098864576616,-0.35930092139993813,1,1,3,MELCCFP,1,Atténuation,0,en cours,5,Entreprises (grandes entreprises),0,0
0.7219536488471948,-0.09116166670031194,0.6732098864576616,-0.35930092139993813,1,1,3,MELCCFP,1,Atténuation,0,en cours,5,Entreprises (grandes entreprises),0,0
-0.3418214039330542,-0.0911662766415958,-0.6982491976449426,-0.35972189558351664,1,3,3,MELCCFP,1,Atténuation,4,non démarrée,23,inconnu,0,0
-0.3270233193303694,-0.0911662766415958,-0.6982491976449426,-0.35972189558351664,1,3,3,MELCCFP,1,Atténuation,4,non démarrée,23,inconnu,0,0
-0.3270247990278523,-0.0911662766415958,-0.6982491976449426,-0.35972189558351664,1,3,3,MELCCFP,1,Atténuation,4,non démarrée,23,inconnu,0,0
-0.32712282898609824,-0.0911662766415958,-0.6982491976449426,-0.35972189558351664,1,3,3,MELCCFP,1,Atténuation,4,non démarrée,23,inconnu,0,0
-0.3590842946179751,-0.0911614282280493,-0.6982491976449426,-0.35972189558351664,0,1,3,MELCCFP,1,Atténuation,2,en élaboration,23,inconnu,0,0
-0.3590842946179751,-0.0911614282280493,-0.6982491976449426,-0.35972189558351664,0,1,3,MELCCFP,1,Atténuation,2,en élaboration,23,inconnu,0,0
-0.31469337012925724,-0.0911614282280493,-0.6982491976449426,-0.35972189558351664,1,1,3,MELCCFP,1,Atténuation,2,en élaboration,23,inconnu,0,0
-0.2703024456405394,-0.0911614282280493,-0.6982491976449426,-0.35972189558351664,1,1,3,MELCCFP,1,Atténuation,2,en élaboration,23,inconnu,0,0
-0.2703024456405394,-0.0911614282280493,-0.6982491976449426,-0.35972189558351664,1,1,3,MELCCFP,1,Atténuation,2,en élaboration,23,inconnu,0,0
-0.3664827820327614,-0.0911662766415958,-0.6982491976449426,-0.35972189558351664,0,3,3,MELCCFP,1,Atténuation,2,en élaboration,23,inconnu,0,0
-0.32949034495882984,-0.0911662766415958,-0.6982491976449426,-0.35972189558351664,1,3,3,MELCCFP,1,Atténuation,2,en élaboration,23,inconnu,0,0
-0.32949034495882984,-0.0911662766415958,-0.6982491976449426,-0.35972189558351664,1,3,3,MELCCFP,1,Atténuation,2,en élaboration,23,inconnu,0,0
-0.3220918575440435,-0.0911662766415958,-0.6982491976449426,-0.35972189558351664,1,3,3,MELCCFP,1,Atténuation,2,en élaboration,23,inconnu,0,0
-0.2998963952996846,-0.0911662766415958,-0.6982491976449426,-0.35972189558351664,1,3,3,MELCCFP,1,Atténuation,2,en élaboration,23,inconnu,0,0
-0.055746310611736426,-0.09116627341463689,-0.5122824890825594,-0.27817457227627906,1,2,3,MELCCFP,1,Atténuation,0,en cours,6,Entreprises (grands émetteurs),0,0
0.017942624039535213,-0.09116627341463689,-0.5122824890825594,-0.27817457227627906,1,2,3,MELCCFP,1,Atténuation,0,en cours,6,Entreprises (grands émetteurs),0,0
-0.02644830044918264,-0.09116627341463689,-0.5122824890825594,-0.27817457227627906,1,2,3,MELCCFP,1,Atténuation,0,en cours,6,Entreprises (grands émetteurs),0,0
-0.02615236095259119,-0.09116627341463689,-0.5122824890825594,-0.27817457227627906,1,2,3,MELCCFP,1,Atténuation,0,en cours,6,Entreprises (grands émetteurs),0,0
0.34377200978672423,-0.09116627341463689,-0.5122824890825594,-0.27817457227627906,1,2,3,MELCCFP,1,Atténuation,0,en cours,6,Entreprises (grands émetteurs),0,0
-0.30878264158931534,-0.09116625820183065,0.8313269802806583,-0.2423447032644231,1,1,3,MELCCFP,1,Atténuation,0,en cours,18,Organismes à but non lucratif,0,1
-0.2983059690946827,-0.09116625820183065,0.8313269802806583,-0.2423447032644231,1,1,3,MELCCFP,1,Atténuation,0,en cours,18,Organismes à but non lucratif,0,0
-0.3375481618968622,-0.09116625820183065,0.8313269802806583,-0.2423447032644231,1,1,3,MELCCFP,1,Atténuation,0,en cours,18,Organismes à but non lucratif,0,0
-0.33392943740770165,-0.09116625820183065,0.8313269802806583,-0.2423447032644231,1,1,3,MELCCFP,1,Atténuation,0,en cours,18,Organismes à but non lucratif,0,0
-0.30788676170765383,-0.09116625820183065,0.8313269802806583,-0.2423447032644231,1,1,3,MELCCFP,1,Atténuation,0,en cours,18,Organismes à but non lucratif,0,0
-0.3664827820327614,-0.0911662766415958,-0.6982491976449426,-0.35972189558351664,0,3,3,MELCCFP,1,Atténuation,2,en élaboration,6,Entreprises (grands émetteurs),0,0
-0.3664827820327614,-0.0911662766415958,-0.6982491976449426,-0.35972189558351664,0,3,3,MELCCFP,1,Atténuation,2,en élaboration,6,Entreprises (grands émetteurs),0,0
-0.3220918575440435,-0.0911662766415958,-0.6982491976449426,-0.35972189558351664,1,3,3,MELCCFP,1,Atténuation,2,en élaboration,6,Entreprises (grands émetteurs),0,0
-0.3072948827144709,-0.0911662766415958,-0.6982491976449426,-0.35972189558351664,1,3,3,MELCCFP,1,Atténuation,2,en élaboration,6,Entreprises (grands émetteurs),0,0
-0.3072948827144709,-0.0911662766415958,-0.6982491976449426,-0.35972189558351664,1,3,3,MELCCFP,1,Atténuation,2,en élaboration,6,Entreprises (grands émetteurs),0,0
0.3239699759774185,-0.09115433689367058,-0.6982491976449426,-0.35972189558351664,1,1,3,MELCCFP,1,Atténuation,0,en cours,19,Promoteurs immobiliers,0,1
0.5314628460968042,-0.09115433689367058,-0.6982491976449426,-0.35972189558351664,1,1,3,MELCCFP,1,Atténuation,0,en cours,19,Promoteurs immobiliers,0,0
1.4956240487702175,-0.09115433689367058,-0.6982491976449426,-0.35972189558351664,1,1,3,MELCCFP,1,Atténuation,0,en cours,19,Promoteurs immobiliers,0,0
2.1740531224049127,-0.09115433689367058,-0.6982491976449426,-0.35972189558351664,1,1,3,MELCCFP,1,Atténuation,0,en cours,19,Promoteurs immobiliers,0,0
2.4543767795797238,-0.09115433689367058,-0.6982491976449426,-0.35972189558351664,1,1,3,MELCCFP,1,Atténuation,0,en cours,19,Promoteurs immobiliers,0,0
-0.09367378628151846,-0.09114198778295937,0.007755791730069742,-0.35968076464068577,1,2,3,MELCCFP,1,Atténuation,0,en cours,7,Entreprises (petites ou moyennes entreprises),0,0
-0.004931829948223279,-0.09114198778295937,0.007755791730069742,-0.35968076464068577,1,2,3,MELCCFP,1,Atténuation,0,en cours,7,Entreprises (petites ou moyennes entreprises),0,0
0.2816247155025193,-0.09114198778295937,0.007755791730069742,-0.35968076464068577,1,2,3,MELCCFP,1,Atténuation,0,en cours,7,Entreprises (petites ou moyennes entreprises),0,0
0.2816247155025193,-0.09114198778295937,0.007755791730069742,-0.35968076464068577,1,2,3,MELCCFP,1,Atténuation,0,en cours,7,Entreprises (petites ou moyennes entreprises),0,0
-0.004649326104777079,-0.09114198778295937,0.007755791730069742,-0.35968076464068577,1,2,3,MELCCFP,1,Atténuation,0,en cours,7,Entreprises (petites ou moyennes entreprises),0,0
0.5828911230326178,-0.09115475178838614,-0.30261586997044565,-0.3596733191676235,1,1,3,MELCCFP,1,Atténuation,0,en cours,5,Entreprises (grandes entreprises),0,0
1.059117653446005,-0.09115475178838614,-0.30261586997044565,-0.3596733191676235,1,1,3,MELCCFP,1,Atténuation,0,en cours,5,Entreprises (grandes entreprises),0,0
1.7494846185961228,-0.09115475178838614,-0.30261586997044565,-0.3596733191676235,1,1,3,MELCCFP,1,Atténuation,0,en cours,5,Entreprises (grandes entreprises),0,0
1.7494846185961228,-0.09115475178838614,-0.30261586997044565,-0.3596733191676235,1,1,3,MELCCFP,1,Atténuation,0,en cours,5,Entreprises (grandes entreprises),0,0
1.2263215039819182,-0.09115475178838614,-0.30261586997044565,-0.3596733191676235,1,1,3,MELCCFP,1,Atténuation,0,en cours,5,Entreprises (grandes entreprises),0,0
-0.08227053906063785,-0.09116157404049212,-0.41444077504919935,-0.3596364961204357,1,2,3,MELCCFP,1,Atténuation,0,en cours,2,Citoyens,0,0
0.1576817030560599,-0.09116157404049212,-0.41444077504919935,-0.3596364961204357,1,2,3,MELCCFP,1,Atténuation,0,en cours,2,Citoyens,0,0
0.3081552297063283,-0.09116157404049212,-0.41444077504919935,-0.3596364961204357,1,2,3,MELCCFP,1,Atténuation,0,en cours,2,Citoyens,0,0
0.43288842428384655,-0.09116157404049212,-0.41444077504919935,-0.3596364961204357,1,2,3,MELCCFP,1,Atténuation,0,en cours,2,Citoyens,0,0
0.43293286255865476,-0.09116157404049212,-0.41444077504919935,-0.3596364961204357,1,2,3,MELCCFP,1,Atténuation,0,en cours,2,Citoyens,0,0
-0.3798000593793768,-0.09116627618060166,0.603517762291739,3.6360935214869667,0,2,3,MELCCFP,1,Atténuation,0,en cours,23,inconnu,0,0
-0.38053990812085536,-0.09116627618060166,0.603517762291739,3.6360935214869667,0,2,3,MELCCFP,1,Atténuation,0,en cours,23,inconnu,0,0
-0.38053990812085536,-0.09116627618060166,0.603517762291739,3.6360935214869667,0,2,3,MELCCFP,1,Atténuation,0,en cours,23,inconnu,0,0
-0.38053990812085536,-0.09116627618060166,0.603517762291739,3.6360935214869667,0,2,3,MELCCFP,1,Atténuation,0,en cours,23,inconnu,0,0
-0.38053990812085536,-0.09116627618060166,0.603517762291739,3.6360935214869667,0,2,3,MELCCFP,1,Atténuation,0,en cours,23,inconnu,0,0
-0.3768406644134622,-0.09116572344864173,-0.3728074576607722,-0.3588894332065258,0,2,2,MEIE,1,Atténuation,0,en cours,16,Ministères et organismes gouvernementaux,0,0
-0.37536096693050497,-0.09116572344864173,-0.3728074576607722,-0.3588894332065258,0,2,2,MEIE,1,Atténuation,0,en cours,16,Ministères et organismes gouvernementaux,0,0
-0.3738812694475477,-0.09116572344864173,-0.3728074576607722,-0.3588894332065258,0,2,2,MEIE,1,Atténuation,0,en cours,16,Ministères et organismes gouvernementaux,0,0
-0.37240157196459045,-0.09116572344864173,-0.3728074576607722,-0.3588894332065258,0,2,2,MEIE,1,Atténuation,0,en cours,16,Ministères et organismes gouvernementaux,0,0
-0.37240157196459045,-0.09116572344864173,-0.3728074576607722,-0.3588894332065258,0,2,2,MEIE,1,Atténuation,0,en cours,16,Ministères et organismes gouvernementaux,0,0
-0.21481379002964207,-0.09105177676396374,-0.29031232145838864,-0.35971685412793425,1,2,3,MELCCFP,1,Atténuation,0,en cours,9,GoRecycle,0,0
-0.2281310673762574,-0.09105177676396374,-0.29031232145838864,-0.35971685412793425,1,2,3,MELCCFP,1,Atténuation,0,en cours,9,GoRecycle,0,0
-0.24011661698821124,-0.09105177676396374,-0.29031232145838864,-0.35971685412793425,1,2,3,MELCCFP,1,Atténuation,0,en cours,9,GoRecycle,0,0
-0.16355432438117162,-0.09115936172967,-0.36503013267483975,-0.35965370707515626,1,1,3,MELCCFP,1,Atténuation,0,en cours,18,Organismes à but non lucratif,0,0
0.17185522214816332,-0.09115936172967,-0.36503013267483975,-0.35965370707515626,1,1,3,MELCCFP,1,Atténuation,0,en cours,18,Organismes à but non lucratif,0,0
0.5960240226743693,-0.09115936172967,-0.36503013267483975,-0.35965370707515626,1,1,3,MELCCFP,1,Atténuation,0,en cours,18,Organismes à but non lucratif,0,0
0.03304091706604983,-0.09115936172967,-0.36503013267483975,-0.35965370707515626,1,1,3,MELCCFP,1,Atténuation,0,en cours,18,Organismes à but non lucratif,0,0
-0.19419624758715912,-0.09115936172967,-0.36503013267483975,-0.35965370707515626,1,1,3,MELCCFP,1,Atténuation,0,en cours,18,Organismes à but non lucratif,0,0
-0.3479865634957956,-0.09116623054218295,0.19997000471136764,-0.33215074191031546,1,0,5,MRNF,1,Atténuation,0,en cours,18,Organismes à but non lucratif,0,0
-0.3546452021691033,-0.09116623054218295,0.19997000471136764,-0.33215074191031546,1,0,5,MRNF,1,Atténuation,0,en cours,18,Organismes à but non lucratif,0,0
-0.34585579912033715,-0.09116623054218295,0.19997000471136764,-0.33215074191031546,1,0,5,MRNF,1,Atténuation,0,en cours,18,Organismes à but non lucratif,0,0
-0.3471875268549987,-0.09116623054218295,0.19997000471136764,-0.33215074191031546,1,0,5,MRNF,1,Atténuation,0,en cours,18,Organismes à but non lucratif,0,0
-0.3644999874055987,-0.09116623054218295,0.19997000471136764,-0.33215074191031546,0,0,5,MRNF,1,Atténuation,0,en cours,18,Organismes à but non lucratif,0,0
-0.0571668201953754,-0.09116623054218295,0.603517762291739,-0.3197637018542396,1,2,5,MRNF,1,Atténuation,0,en cours,18,Organismes à but non lucratif,0,0
-0.126771789793685,-0.09116623054218295,0.603517762291739,-0.3197637018542396,1,2,5,MRNF,1,Atténuation,0,en cours,18,Organismes à but non lucratif,0,0
-0.20963484883929165,-0.09116623054218295,0.603517762291739,-0.3197637018542396,1,2,5,MRNF,1,Atténuation,0,en cours,18,Organismes à but non lucratif,0,0
-0.24514758843026593,-0.09116623054218295,0.603517762291739,-0.3197637018542396,1,2,5,MRNF,1,Atténuation,0,en cours,18,Organismes à but non lucratif,0,0
-0.3280106474758726,-0.09116627433662515,1.3845779382537482,0.9189400608075803,1,2,1,MAPAQ,2,Soutien à la transition,0,en cours,22,centre de diffusion d'information,0,0
-0.20963484883929165,-0.09116627433662515,1.3845779382537482,0.9189400608075803,1,2,1,MAPAQ,2,Soutien à la transition,0,en cours,22,centre de diffusion d'information,0,0
-0.20667545387337713,-0.09116627433662515,1.3845779382537482,0.9189400608075803,1,2,1,MAPAQ,2,Soutien à la transition,0,en cours,22,centre de diffusion d'information,0,0
-0.20667545387337713,-0.09116627433662515,1.3845779382537482,0.9189400608075803,1,2,1,MAPAQ,2,Soutien à la transition,0,en cours,22,centre de diffusion d'information,0,0
-0.37240157196459045,-0.09116350283992529,0.4178910294305672,-0.3591525035883402,0,1,1,MAPAQ,2,Soutien à la transition,0,en cours,18,Organismes à but non lucratif,0,0
-0.37240157196459045,-0.09116350283992529,0.4178910294305672,-0.3591525035883402,0,1,1,MAPAQ,2,Soutien à la transition,0,en cours,18,Organismes à but non lucratif,0,0
-0.37240157196459045,-0.09116350283992529,0.4178910294305672,-0.3591525035883402,0,1,1,MAPAQ,2,Soutien à la transition,0,en cours,18,Organismes à but non lucratif,0,0
-0.31025427768038544,-0.09116627433662515,-0.6982491976449426,-0.35972189558351664,1,2,1,MAPAQ,1,Atténuation,0,en cours,18,Organismes à but non lucratif,0,0
-0.33392943740770165,-0.09116627433662515,-0.6982491976449426,-0.35972189558351664,1,2,1,MAPAQ,1,Atténuation,0,en cours,18,Organismes à but non lucratif,0,0
-0.2865791179530693,-0.09116627433662515,-0.6982491976449426,-0.35972189558351664,1,2,1,MAPAQ,1,Atténuation,0,en cours,18,Organismes à but non lucratif,0,0
-0.29604918184399576,-0.09116627433662515,-0.6982491976449426,-0.35972189558351664,1,2,1,MAPAQ,1,Atténuation,0,en cours,18,Organismes à but non lucratif,0,0
-0.2727291495125893,-0.09116626281177194,-0.6982491976449426,-0.35972189558351664,1,2,1,MAPAQ,1,Atténuation,0,en cours,7,Entreprises (petites ou moyennes entreprises),0,0
-0.2801868248266939,-0.09116626281177194,-0.6982491976449426,-0.35972189558351664,1,2,1,MAPAQ,1,Atténuation,0,en cours,7,Entreprises (petites ou moyennes entreprises),0,0
-0.29013039191216666,-0.09116626281177194,-0.6982491976449426,-0.35972189558351664,1,2,1,MAPAQ,1,Atténuation,0,en cours,7,Entreprises (petites ou moyennes entreprises),0,0
-0.32078972375904113,-0.09116626281177194,-0.6982491976449426,-0.35972189558351664,1,2,1,MAPAQ,1,Atténuation,0,en cours,7,Entreprises (petites ou moyennes entreprises),0,0
-0.3514490556059156,-0.09116626281177194,-0.6982491976449426,-0.35972189558351664,1,2,1,MAPAQ,1,Atténuation,0,en cours,7,Entreprises (petites ou moyennes entreprises),0,0
-0.3644112055566212,-0.09116620749247653,1.1415814390655632,-0.3220723973664329,0,0,3,MELCCFP,1,Atténuation,0,en cours,2,Citoyens,1,0
-0.36944217699867593,-0.09116620749247653,1.1415814390655632,-0.3220723973664329,0,0,3,MELCCFP,1,Atténuation,0,en cours,2,Citoyens,1,0
-0.36944217699867593,-0.09116620749247653,1.1415814390655632,-0.3220723973664329,0,0,3,MELCCFP,1,Atténuation,0,en cours,2,Citoyens,1,0
-0.37802442239982803,-0.0911662766415958,-0.6982491976449426,-0.35972189558351664,0,3,3,MELCCFP,1,Atténuation,2,en élaboration,23,inconnu,0,0
-0.3772845736583494,-0.0911662766415958,-0.6982491976449426,-0.35972189558351664,0,3,3,MELCCFP,1,Atténuation,2,en élaboration,23,inconnu,0,0
-0.3772845736583494,-0.0911662766415958,-0.6982491976449426,-0.35972189558351664,0,3,3,MELCCFP,1,Atténuation,2,en élaboration,23,inconnu,0,0
-0.3765447249168708,-0.0911662766415958,-0.6982491976449426,-0.35972189558351664,0,3,3,MELCCFP,1,Atténuation,2,en élaboration,23,inconnu,0,0
-0.3772845736583494,-0.0911662766415958,-0.6982491976449426,-0.35972189558351664,0,3,3,MELCCFP,1,Atténuation,2,en élaboration,23,inconnu,0,0
-0.319132462578129,-0.09115382980012936,-0.6933989103794008,-0.3597213441714001,1,1,3,MELCCFP,1,Atténuation,0,en cours,11,"Industries, commerces et institutions (ICI)",0,0
-0.33688883237361616,-0.09115382980012936,-0.6933989103794008,-0.3597213441714001,1,1,3,MELCCFP,1,Atténuation,0,en cours,11,"Industries, commerces et institutions (ICI)",0,0
-0.33688883237361616,-0.09116627618060166,-0.6982491976449426,-0.35972189558351664,1,2,3,MELCCFP,1,Atténuation,0,en cours,15,Milieu municipal,0,0
-0.2037160589074626,-0.09116627618060166,-0.6982491976449426,-0.35972189558351664,1,2,3,MELCCFP,1,Atténuation,0,en cours,15,Milieu municipal,0,0
-0.33688883237361616,-0.09116627618060166,-0.6982491976449426,-0.35972189558351664,1,2,3,MELCCFP,1,Atténuation,0,en cours,15,Milieu municipal,0,0
8.17260686470605,-0.0911628551431749,-0.6982491976449426,-0.35972189558351664,1,1,2,MEIE,1,Atténuation,0,en cours,18,Organismes à but non lucratif,0,0
0.6027190693042451,-0.0911628551431749,-0.6982491976449426,-0.35972189558351664,1,1,2,MEIE,1,Atténuation,0,en cours,18,Organismes à but non lucratif,0,0
2.0528226026023613,-0.0911628551431749,-0.6982491976449426,-0.35972189558351664,1,1,2,MEIE,1,Atténuation,0,en cours,18,Organismes à but non lucratif,0,0
0.9911396585805263,-0.0911628551431749,-0.6982491976449426,-0.35972189558351664,1,1,2,MEIE,1,Atténuation,0,en cours,18,Organismes à but non lucratif,0,0
1.8262439255245309,-0.0911628551431749,-0.6982491976449426,-0.35972189558351664,1,1,2,MEIE,1,Atténuation,0,en cours,18,Organismes à but non lucratif,0,0
-0.36440337499754144,-0.0911662752586134,0.603517762291739,0.9722174647319968,0,2,3,MELCCFP,1,Atténuation,0,en cours,14,Milieu de la recherche scientifique,0,0
-0.3746132876299465,-0.0911662752586134,0.603517762291739,0.9722174647319968,0,2,3,MELCCFP,1,Atténuation,0,en cours,14,Milieu de la recherche scientifique,0,0
-0.3728376506503978,-0.0911662752586134,0.603517762291739,0.9722174647319968,0,2,3,MELCCFP,1,Atténuation,0,en cours,14,Milieu de la recherche scientifique,0,0
-0.37638892460949525,-0.0911662752586134,0.603517762291739,0.9722174647319968,0,2,3,MELCCFP,1,Atténuation,0,en cours,14,Milieu de la recherche scientifique,0,0
-0.3799401985685927,-0.0911662752586134,0.603517762291739,0.9722174647319968,0,2,3,MELCCFP,1,Atténuation,0,en cours,14,Milieu de la recherche scientifique,0,0
-0.16137389987848763,-0.09115659576489968,0.8254380345095156,-0.35949918075094506,1,2,5,MRNF,1,Atténuation,0,en cours,7,Entreprises (petites ou moyennes entreprises),0,0
-0.19781168714790748,-0.09115659576489968,0.8254380345095156,-0.35949918075094506,1,2,5,MRNF,1,Atténuation,0,en cours,7,Entreprises (petites ou moyennes entreprises),0,0
-0.20060198228546966,-0.09115659576489968,0.8254380345095156,-0.35949918075094506,1,2,5,MRNF,1,Atténuation,0,en cours,7,Entreprises (petites ou moyennes entreprises),0,0
-0.3665222352067495,-0.09116627295364277,-0.6982491976449426,-0.35972189558351664,0,0,3,MELCCFP,1,Atténuation,0,en cours,14,Milieu de la recherche scientifique,0,0
-0.3665222352067495,-0.09116627295364277,-0.6982491976449426,-0.35972189558351664,0,0,3,MELCCFP,1,Atténuation,0,en cours,14,Milieu de la recherche scientifique,0,0
-0.3731414207060691,-0.09116627295364277,-0.6982491976449426,-0.35972189558351664,0,0,3,MELCCFP,1,Atténuation,0,en cours,14,Milieu de la recherche scientifique,0,0
-0.3702116196898137,-0.09116627295364277,-0.6982491976449426,-0.35972189558351664,0,0,3,MELCCFP,1,Atténuation,0,en cours,14,Milieu de la recherche scientifique,0,0
-0.37183928692106666,-0.09116627295364277,-0.6982491976449426,-0.35972189558351664,0,0,3,MELCCFP,1,Atténuation,0,en cours,14,Milieu de la recherche scientifique,0,0
-0.2693455548722606,-0.09116626281177194,-0.4812880376554953,-0.3375228995852281,1,2,5,MRNF,1,Atténuation,0,en cours,14,Milieu de la recherche scientifique,0,0
-0.27474153808941115,-0.09116626281177194,-0.4812880376554953,-0.3375228995852281,1,2,5,MRNF,1,Atténuation,0,en cours,14,Milieu de la recherche scientifique,0,0
-0.2711902641303137,-0.09116626281177194,-0.4812880376554953,-0.3375228995852281,1,2,5,MRNF,1,Atténuation,0,en cours,14,Milieu de la recherche scientifique,0,0
-0.3777284829032366,-0.09116626281177194,-0.4812880376554953,-0.3375228995852281,0,2,5,MRNF,1,Atténuation,0,en cours,14,Milieu de la recherche scientifique,0,0
-0.3590842946179751,-0.09116627295364277,-0.04736571767660181,-0.10998321349548307,0,2,2,MEIE,1,Atténuation,0,en cours,5,Entreprises (grandes entreprises),0,1
-0.3528695651895546,-0.09116627295364277,-0.04736571767660181,-0.10998321349548307,1,2,2,MEIE,1,Atténuation,0,en cours,5,Entreprises (grandes entreprises),0,0
-0.3635233870668469,-0.09116627295364277,-0.04736571767660181,-0.10998321349548307,0,2,2,MEIE,1,Atténuation,0,en cours,5,Entreprises (grandes entreprises),0,0
-0.27474153808941115,-0.09116627618060166,-0.6982491976449426,-0.35972189558351664,1,2,2,MEIE,1,Atténuation,0,en cours,5,Entreprises (grandes entreprises),1,0
-0.27474153808941115,-0.09116627618060166,-0.6982491976449426,-0.35972189558351664,1,2,2,MEIE,1,Atténuation,0,en cours,5,Entreprises (grandes entreprises),1,0
-0.27474153808941115,-0.09116627618060166,-0.6982491976449426,-0.35972189558351664,1,2,2,MEIE,1,Atténuation,0,en cours,5,Entreprises (grandes entreprises),1,0
-0.3777284829032366,-0.0911662766415958,-0.6982491976449426,-0.35972189558351664,0,3,3,MELCCFP,1,Atténuation,4,non démarrée,23,inconnu,0,0
-0.38053990812085536,-0.0911662766415958,-0.6982491976449426,-0.35972189558351664,0,3,3,MELCCFP,1,Atténuation,4,non démarrée,23,inconnu,0,0
-0.3798000593793768,-0.0911662766415958,-0.6982491976449426,-0.35972189558351664,0,3,3,MELCCFP,1,Atténuation,4,non démarrée,23,inconnu,0,0
-0.3798000593793768,-0.0911662766415958,-0.6982491976449426,-0.35972189558351664,0,3,3,MELCCFP,1,Atténuation,4,non démarrée,23,inconnu,0,0
-0.3798000593793768,-0.0911662766415958,-0.6982491976449426,-0.35972189558351664,0,3,3,MELCCFP,1,Atténuation,4,non démarrée,23,inconnu,0,0
-0.3590842946179751,-0.09116623054218295,0.5384294142949049,-0.32176161154070343,0,2,2,MEIE,1,Atténuation,0,en cours,5,Entreprises (grandes entreprises),0,1
-0.3746211181890263,-0.09116623054218295,0.5384294142949049,-0.32176161154070343,0,2,2,MEIE,1,Atténuation,0,en cours,5,Entreprises (grandes entreprises),0,0
-0.3457670172713597,-0.09116627618060166,-0.6982491976449426,-0.35972189558351664,1,2,2,MEIE,1,Atténuation,6,terminée,5,Entreprises (grandes entreprises),0,0
-0.3457670172713597,-0.09116627618060166,-0.6982491976449426,-0.35972189558351664,1,2,2,MEIE,1,Atténuation,6,terminée,5,Entreprises (grandes entreprises),0,0
-0.3457670172713597,-0.09116627618060166,-0.6982491976449426,-0.35972189558351664,1,2,2,MEIE,1,Atténuation,6,terminée,5,Entreprises (grandes entreprises),0,0
-0.13269057972551404,-0.08655633535773352,-0.17238481297500086,-0.35972173416759645,1,2,2,MEIE,1,Atténuation,0,en cours,20,Regroupement sectoriel de recherche industriel (RSRI) InnovÉÉ,0,0
-0.3220918575440435,-0.08655633535773352,-0.17238481297500086,-0.35972173416759645,1,2,2,MEIE,1,Atténuation,0,en cours,20,Regroupement sectoriel de recherche industriel (RSRI) InnovÉÉ,0,0
-0.3220918575440435,-0.08655633535773352,-0.17238481297500086,-0.35972173416759645,1,2,2,MEIE,1,Atténuation,0,en cours,20,Regroupement sectoriel de recherche industriel (RSRI) InnovÉÉ,0,0
-0.3811317871140383,-0.0911662766415958,-0.6982491976449426,-0.35972189558351664,0,3,2,MEIE,1,Atténuation,4,non démarrée,16,Ministères et organismes gouvernementaux,0,0
3.7026852960997085,-0.09115060284123067,-0.6982491976449426,-0.35972189558351664,1,1,2,MEIE,1,Atténuation,0,en cours,5,Entreprises (grandes entreprises),0,0
3.347557900189966,-0.09115060284123067,-0.6982491976449426,-0.35972189558351664,1,1,2,MEIE,1,Atténuation,0,en cours,5,Entreprises (grandes entreprises),0,0
3.169994202235094,-0.09115060284123067,-0.6982491976449426,-0.35972189558351664,1,1,2,MEIE,1,Atténuation,0,en cours,5,Entreprises (grandes entreprises),0,0
3.169994202235094,-0.09115060284123067,-0.6982491976449426,-0.35972189558351664,1,1,2,MEIE,1,Atténuation,0,en cours,5,Entreprises (grandes entreprises),0,0
3.169994202235094,-0.09115060284123067,-0.6982491976449426,-0.35972189558351664,1,1,2,MEIE,1,Atténuation,0,en cours,5,Entreprises (grandes entreprises),0,0
-0.3457670172713597,-0.09116625820183065,1.4659383732497908,-0.19364565538735234,1,1,3,MELCCFP,1,Atténuation,0,en cours,18,Organismes à but non lucratif,0,1
-0.26767360325473766,-0.09116625820183065,1.4659383732497908,-0.19364565538735234,1,1,3,MELCCFP,1,Atténuation,0,en cours,18,Organismes à but non lucratif,0,0
-0.15044694952100118,-0.09116625820183065,1.4659383732497908,-0.19364565538735234,1,1,3,MELCCFP,1,Atténuation,0,en cours,18,Organismes à but non lucratif,0,0
-0.27474153808941115,-0.09116625820183065,1.4659383732497908,-0.19364565538735234,1,1,3,MELCCFP,1,Atténuation,0,en cours,18,Organismes à but non lucratif,0,0
-0.2652714741984847,-0.09116625820183065,1.4659383732497908,-0.19364565538735234,1,1,3,MELCCFP,1,Atténuation,0,en cours,18,Organismes à but non lucratif,0,0
-0.35997211310774946,-0.09116627433662515,0.603517762291739,0.4394418271609189,0,2,2,MEIE,1,Atténuation,0,en cours,14,Milieu de la recherche scientifique,0,0
-0.35997211310774946,-0.09116627433662515,0.603517762291739,0.4394418271609189,0,2,2,MEIE,1,Atténuation,0,en cours,14,Milieu de la recherche scientifique,0,0
-0.35997211310774946,-0.09116627433662515,0.603517762291739,0.4394418271609189,0,2,2,MEIE,1,Atténuation,0,en cours,14,Milieu de la recherche scientifique,0,0
-0.3280106474758726,-0.09116627433662515,0.603517762291739,0.4394418271609189,1,2,2,MEIE,1,Atténuation,0,en cours,14,Milieu de la recherche scientifique,0,0
-0.3795041198827853,-0.09116627433662515,-0.6982491976449426,-0.35972189558351664,0,2,5,MRNF,1,Atténuation,0,en cours,14,Milieu de la recherche scientifique,0,0
-0.3795041198827853,-0.09116627433662515,-0.6982491976449426,-0.35972189558351664,0,2,5,MRNF,1,Atténuation,0,en cours,14,Milieu de la recherche scientifique,0,0
-0.3800959988759682,-0.09116627433662515,-0.6982491976449426,-0.35972189558351664,0,2,5,MRNF,1,Atténuation,0,en cours,14,Milieu de la recherche scientifique,0,0
-0.3635233870668469,-0.09116627433662515,-0.4378958056576063,-0.1998891510346295,0,0,3,MELCCFP,1,Atténuation,0,en cours,5,Entreprises (grandes entreprises),1,0
-0.3457670172713597,-0.09116627433662515,-0.4378958056576063,-0.1998891510346295,1,0,3,MELCCFP,1,Atténuation,0,en cours,5,Entreprises (grandes entreprises),1,0
-0.33392943740770165,-0.09116627433662515,-0.4378958056576063,-0.1998891510346295,1,0,3,MELCCFP,1,Atténuation,0,en cours,5,Entreprises (grandes entreprises),1,0
-0.3798000593793768,-0.09116627110966626,-0.04736571767660181,-0.19322943392097588,0,2,3,MELCCFP,2,Soutien à la transition,0,en cours,18,Organismes à but non lucratif,0,0
-0.3794301350086374,-0.09116627110966626,-0.04736571767660181,-0.19322943392097588,0,2,3,MELCCFP,2,Soutien à la transition,0,en cours,18,Organismes à but non lucratif,0,0
-0.034802364660882885,-0.09116626742171323,1.1893128942632458,-0.07002500263413348,1,2,3,MELCCFP,1,Atténuation,0,en cours,5,Entreprises (grandes entreprises),1,0
0.04960966538504316,-0.09116626742171323,1.1893128942632458,-0.07002500263413348,1,2,3,MELCCFP,1,Atténuation,0,en cours,5,Entreprises (grandes entreprises),1,0
0.04487311822935738,-0.09116626742171323,1.1893128942632458,-0.07002500263413348,1,2,3,MELCCFP,1,Atténuation,0,en cours,5,Entreprises (grandes entreprises),1,0
0.04487311822935738,-0.09116626742171323,1.1893128942632458,-0.07002500263413348,1,2,3,MELCCFP,1,Atténuation,0,en cours,5,Entreprises (grandes entreprises),1,0
0.04487311822935738,-0.09116626742171323,1.1893128942632458,-0.07002500263413348,1,2,3,MELCCFP,1,Atténuation,0,en cours,5,Entreprises (grandes entreprises),1,0
-0.36046041327712536,-0.09116625589686002,-0.6982491976449426,-0.35972189558351664,0,2,3,MELCCFP,2,Soutien à la transition,0,en cours,18,Organismes à but non lucratif,0,1
-0.33420318144204875,-0.09116625589686002,-0.6982491976449426,-0.35972189558351664,1,2,3,MELCCFP,2,Soutien à la transition,0,en cours,18,Organismes à but non lucratif,0,0
-0.331251184963549,-0.09116625589686002,-0.6982491976449426,-0.35972189558351664,1,2,3,MELCCFP,2,Soutien à la transition,0,en cours,18,Organismes à but non lucratif,0,0
-0.32969750260644387,-0.09116625589686002,-0.6982491976449426,-0.35972189558351664,1,2,3,MELCCFP,2,Soutien à la transition,0,en cours,18,Organismes à but non lucratif,0,0
-0.3177341484567344,-0.09116625589686002,-0.6982491976449426,-0.35972189558351664,1,2,3,MELCCFP,2,Soutien à la transition,0,en cours,18,Organismes à but non lucratif,0,0
-0.3745915242393672,-0.09116627249264864,-0.6982491976449426,-0.35972189558351664,0,2,3,MELCCFP,2,Soutien à la transition,0,en cours,18,Organismes à but non lucratif,0,0
-0.3745915242393672,-0.09116627249264864,-0.6982491976449426,-0.35972189558351664,0,2,3,MELCCFP,2,Soutien à la transition,0,en cours,18,Organismes à but non lucratif,0,0
-0.373940457346866,-0.09116627249264864,-0.6982491976449426,-0.35972189558351664,0,2,3,MELCCFP,2,Soutien à la transition,0,en cours,18,Organismes à but non lucratif,0,0
-0.35168580720318876,-0.09116626972668386,0.08281097831706632,-0.19988912972359835,1,2,2,MEIE,1,Atténuation,0,en cours,18,Organismes à but non lucratif,0,0
-0.35168580720318876,-0.09116626972668386,0.08281097831706632,-0.19988912972359835,1,2,2,MEIE,1,Atténuation,0,en cours,18,Organismes à but non lucratif,0,0
-0.3768406644134622,-0.09116627618060166,-0.6982491976449426,-0.35972189558351664,0,2,3,MELCCFP,2,Soutien à la transition,0,en cours,23,inconnu,0,0
-0.37536096693050497,-0.09116627618060166,-0.6982491976449426,-0.35972189558351664,0,2,3,MELCCFP,2,Soutien à la transition,0,en cours,23,inconnu,0,0
-0.37536096693050497,-0.09116627618060166,-0.6982491976449426,-0.35972189558351664,0,2,3,MELCCFP,2,Soutien à la transition,0,en cours,23,inconnu,0,0
-0.37536096693050497,-0.09116627618060166,-0.6982491976449426,-0.35972189558351664,0,2,3,MELCCFP,2,Soutien à la transition,0,en cours,23,inconnu,0,0
-0.37536096693050497,-0.09116627618060166,-0.6982491976449426,-0.35972189558351664,0,2,3,MELCCFP,2,Soutien à la transition,0,en cours,23,inconnu,0,0
-0.3811317871140383,-0.0911662766415958,-0.6982491976449426,-0.35972189558351664,0,3,3,MELCCFP,2,Soutien à la transition,2,en élaboration,23,inconnu,0,0
-0.3811317871140383,-0.0911662766415958,-0.6982491976449426,-0.35972189558351664,0,3,3,MELCCFP,2,Soutien à la transition,2,en élaboration,23,inconnu,0,0
-0.37817239214812376,-0.0911662766415958,-0.6982491976449426,-0.35972189558351664,0,3,3,MELCCFP,2,Soutien à la transition,2,en élaboration,23,inconnu,0,0
-0.3766926946651665,-0.0911662766415958,-0.6982491976449426,-0.35972189558351664,0,3,3,MELCCFP,2,Soutien à la transition,2,en élaboration,23,inconnu,0,0
-0.3768406644134622,-0.0911662766415958,-0.6982491976449426,-0.35972189558351664,0,3,3,MELCCFP,2,Soutien à la transition,2,en élaboration,23,inconnu,0,0
-0.3795041198827853,-0.09116581564746741,-0.6409714514077287,-0.3595460795295255,0,2,3,MELCCFP,2,Soutien à la transition,0,en cours,14,Milieu de la recherche scientifique,0,0
-0.3795041198827853,-0.09116581564746741,-0.6409714514077287,-0.3595460795295255,0,2,3,MELCCFP,2,Soutien à la transition,0,en cours,14,Milieu de la recherche scientifique,0,0
-0.3789122408896024,-0.09116581564746741,-0.6409714514077287,-0.3595460795295255,0,2,3,MELCCFP,2,Soutien à la transition,0,en cours,14,Milieu de la recherche scientifique,0,0
-0.3789122408896024,-0.09116581564746741,-0.6409714514077287,-0.3595460795295255,0,2,3,MELCCFP,2,Soutien à la transition,0,en cours,14,Milieu de la recherche scientifique,0,0
-0.3789122408896024,-0.09116581564746741,-0.6409714514077287,-0.3595460795295255,0,2,3,MELCCFP,2,Soutien à la transition,0,en cours,14,Milieu de la recherche scientifique,0,0
-0.3802875545933219,-0.09116590784629308,0.6523340232893647,-0.3545398172889078,0,2,0,MAMH,2,Soutien à la transition,0,en cours,18,Organismes à but non lucratif,0,0
-0.37779398023262223,-0.09116590784629308,0.6523340232893647,-0.3545398172889078,0,2,0,MAMH,2,Soutien à la transition,0,en cours,18,Organismes à but non lucratif,0,0
-0.37889270888282733,-0.09116590784629308,0.6523340232893647,-0.3545398172889078,0,2,0,MAMH,2,Soutien à la transition,0,en cours,18,Organismes à but non lucratif,0,0
-0.38039193837255963,-0.09116613834335728,0.2303445671098899,-0.3502207250112141,0,2,3,MELCCFP,2,Soutien à la transition,0,en cours,23,inconnu,0,0
-0.37624878542027934,-0.09116613834335728,0.2303445671098899,-0.3502207250112141,0,2,3,MELCCFP,2,Soutien à la transition,0,en cours,23,inconnu,0,0
-0.37624878542027934,-0.09116613834335728,0.2303445671098899,-0.3502207250112141,0,2,3,MELCCFP,2,Soutien à la transition,0,en cours,23,inconnu,0,0
-0.37624878542027934,-0.09116613834335728,0.2303445671098899,-0.3502207250112141,0,2,3,MELCCFP,2,Soutien à la transition,0,en cours,23,inconnu,0,0
-0.37624878542027934,-0.09116613834335728,0.2303445671098899,-0.3502207250112141,0,2,3,MELCCFP,2,Soutien à la transition,0,en cours,23,inconnu,0,0
-0.3484304727406828,-0.09116626972668386,-0.6982491976449426,-0.35972189558351664,1,2,5,MRNF,2,Soutien à la transition,0,en cours,14,Milieu de la recherche scientifique,0,0
-0.35553302065887765,-0.09116626972668386,-0.6982491976449426,-0.35972189558351664,1,2,5,MRNF,2,Soutien à la transition,0,en cours,14,Milieu de la recherche scientifique,0,0
-0.36618684253616995,-0.09116626972668386,-0.6982491976449426,-0.35972189558351664,0,2,5,MRNF,2,Soutien à la transition,0,en cours,14,Milieu de la recherche scientifique,0,0
-0.3715137534748161,-0.09116626972668386,-0.6982491976449426,-0.35972189558351664,0,2,5,MRNF,2,Soutien à la transition,0,en cours,14,Milieu de la recherche scientifique,0,0
-0.3670746610259443,-0.0911659308959995,5.985890219309943,-0.33236562795950525,0,2,7,MSSS,2,Soutien à la transition,0,en cours,14,Milieu de la recherche scientifique,0,1
-0.3670746610259443,-0.0911659308959995,5.985890219309943,-0.33236562795950525,0,2,7,MSSS,2,Soutien à la transition,0,en cours,14,Milieu de la recherche scientifique,0,0
-0.3670746610259443,-0.0911659308959995,5.985890219309943,-0.33236562795950525,0,2,7,MSSS,2,Soutien à la transition,0,en cours,14,Milieu de la recherche scientifique,0,0
-0.3670746610259443,-0.0911659308959995,5.985890219309943,-0.33236562795950525,0,2,7,MSSS,2,Soutien à la transition,0,en cours,14,Milieu de la recherche scientifique,0,0
-0.37784389930690726,-0.09116601387494261,0.10336519347396195,-0.3554050823749529,0,2,3,MELCCFP,2,Soutien à la transition,0,en cours,7,Entreprises (petites ou moyennes entreprises),0,0
-0.3521723169386103,-0.0911662752586134,-0.6982491976449426,-0.35972189558351664,1,2,7,MSSS,0,Adaptation,0,en cours,14,Milieu de la recherche scientifique,0,0
-0.29823729041570873,-0.0911662752586134,-0.6982491976449426,-0.35972189558351664,1,2,7,MSSS,0,Adaptation,0,en cours,14,Milieu de la recherche scientifique,0,0
-0.34451794543809616,-0.0911662752586134,-0.6982491976449426,-0.35972189558351664,1,2,7,MSSS,0,Adaptation,0,en cours,14,Milieu de la recherche scientifique,0,0
-0.330163119013406,-0.0911662752586134,-0.6982491976449426,-0.35972189558351664,1,2,7,MSSS,0,Adaptation,0,en cours,14,Milieu de la recherche scientifique,0,0
-0.3528180717171477,-0.0911662752586134,-0.6982491976449426,-0.35972189558351664,1,2,7,MSSS,0,Adaptation,0,en cours,14,Milieu de la recherche scientifique,0,0
-0.2879452723293693,-0.09116627433662515,4.769172034089121,2.9967657399431125,1,2,7,MSSS,0,Adaptation,0,en cours,16,Ministères et organismes gouvernementaux,0,0
-0.31786975385286254,-0.09116627433662515,4.769172034089121,2.9967657399431125,1,2,7,MSSS,0,Adaptation,0,en cours,16,Ministères et organismes gouvernementaux,0,0
-0.34125145701596366,-0.09116627433662515,4.769172034089121,2.9967657399431125,1,2,7,MSSS,0,Adaptation,0,en cours,16,Ministères et organismes gouvernementaux,0,0
-0.372104765365274,-0.09116627433662515,4.769172034089121,2.9967657399431125,0,2,7,MSSS,0,Adaptation,0,en cours,16,Ministères et organismes gouvernementaux,0,0
-0.3705087429443915,-0.09116627433662515,4.769172034089121,2.9967657399431125,0,2,7,MSSS,0,Adaptation,0,en cours,16,Ministères et organismes gouvernementaux,0,0
-0.38039193837255963,-0.09116627571960753,0.603517762291739,1.6381868119050798,0,2,3,MELCCFP,0,Adaptation,0,en cours,14,Milieu de la recherche scientifique,0,0
-0.38039193837255963,-0.09116627571960753,0.603517762291739,1.6381868119050798,0,2,3,MELCCFP,0,Adaptation,0,en cours,14,Milieu de la recherche scientifique,0,0
-0.38039193837255963,-0.09116627571960753,0.603517762291739,1.6381868119050798,0,2,3,MELCCFP,0,Adaptation,0,en cours,14,Milieu de la recherche scientifique,0,0
-0.38061389299500326,-0.09116627571960753,0.603517762291739,1.6381868119050798,0,2,3,MELCCFP,0,Adaptation,0,en cours,14,Milieu de la recherche scientifique,0,0
0.4375207001173033,-0.09116625912381891,-0.013108692415110515,-0.30437813785868617,1,2,3,MELCCFP,0,Adaptation,0,en cours,3,Communautés autochtones,0,0
0.4620590265743278,-0.09116625912381891,-0.013108692415110515,-0.30437813785868617,1,2,3,MELCCFP,0,Adaptation,0,en cours,3,Communautés autochtones,0,0
0.438750831822785,-0.09116625912381891,-0.013108692415110515,-0.30437813785868617,1,2,3,MELCCFP,0,Adaptation,0,en cours,3,Communautés autochtones,0,0
0.2730750234459922,-0.09116625912381891,-0.013108692415110515,-0.30437813785868617,1,2,3,MELCCFP,0,Adaptation,0,en cours,3,Communautés autochtones,0,0
-0.19138523668483554,-0.09116625912381891,-0.013108692415110515,-0.30437813785868617,1,2,3,MELCCFP,0,Adaptation,0,en cours,3,Communautés autochtones,0,0
-0.3787262014844651,-0.09116627479761928,0.2780760223075686,0.38949405702860157,0,2,3,MELCCFP,0,Adaptation,0,en cours,23,inconnu,0,0
-0.3767019753277796,-0.09116627479761928,0.2780760223075686,0.38949405702860157,0,2,3,MELCCFP,0,Adaptation,0,en cours,23,inconnu,0,0
-0.3770866966733485,-0.09116627479761928,0.2780760223075686,0.38949405702860157,0,2,3,MELCCFP,0,Adaptation,0,en cours,23,inconnu,0,0
-0.3783203618964195,-0.09116627479761928,0.2780760223075686,0.38949405702860157,0,2,3,MELCCFP,0,Adaptation,0,en cours,23,inconnu,0,0
-0.37502156871883907,-0.09116627110966626,0.2780760223075686,-0.10998320308970554,0,2,7,MSSS,0,Adaptation,1,en suspens,18,Organismes à but non lucratif,0,1
-0.37528811402493156,-0.09116627110966626,0.2780760223075686,-0.10998320308970554,0,2,7,MSSS,0,Adaptation,1,en suspens,18,Organismes à but non lucratif,0,0
-0.37887900688413517,-0.09116627110966626,0.2780760223075686,-0.10998320308970554,0,2,7,MSSS,0,Adaptation,1,en suspens,18,Organismes à but non lucratif,0,0
-0.3787662983268583,-0.09116627110966626,0.2780760223075686,-0.10998320308970554,0,2,7,MSSS,0,Adaptation,1,en suspens,18,Organismes à but non lucratif,0,0
-0.37301245027345453,-0.09114878007044702,-0.6982491976449426,-0.35972189558351664,0,2,7,MSSS,0,Adaptation,0,en cours,7,Entreprises (petites ou moyennes entreprises),0,0
-0.3757973001242794,-0.09114878007044702,-0.6982491976449426,-0.35972189558351664,0,2,7,MSSS,0,Adaptation,0,en cours,7,Entreprises (petites ou moyennes entreprises),0,0
-0.3771039913775293,-0.09114878007044702,-0.6982491976449426,-0.35972189558351664,0,2,7,MSSS,0,Adaptation,0,en cours,7,Entreprises (petites ou moyennes entreprises),0,0
-0.3796652737356542,-0.09114878007044702,-0.6982491976449426,-0.35972189558351664,0,2,7,MSSS,0,Adaptation,0,en cours,7,Entreprises (petites ou moyennes entreprises),0,0
-0.3590842946179751,-0.09116627433662515,0.08281097831706632,0.1197763380631447,0,3,5,MRNF,0,Adaptation,0,en cours,2,Citoyens,0,1
1.4251349303318912,-0.09116626742171323,-0.3728074576607722,-0.3097741554198299,1,0,0,MAMH,0,Adaptation,0,en cours,15,Milieu municipal,0,0
1.382519642822722,-0.09116626742171323,-0.3728074576607722,-0.3097741554198299,1,0,0,MAMH,0,Adaptation,0,en cours,15,Milieu municipal,0,0
0.9753068955128836,-0.09116626742171323,-0.3728074576607722,-0.3097741554198299,1,0,0,MAMH,0,Adaptation,0,en cours,15,Milieu municipal,0,0
-0.3746211181890263,-0.09116627571960753,-0.6982491976449426,-0.35972189558351664,0,2,3,MELCCFP,0,Adaptation,0,en cours,16,Ministères et organismes gouvernementaux,0,0
-0.37554779353470313,-0.09116627571960753,-0.6982491976449426,-0.35972189558351664,0,2,3,MELCCFP,0,Adaptation,0,en cours,16,Ministères et organismes gouvernementaux,0,0
-0.3758437330312946,-0.09116627571960753,-0.6982491976449426,-0.35972189558351664,0,2,3,MELCCFP,0,Adaptation,0,en cours,16,Ministères et organismes gouvernementaux,0,0
-0.37920818038619386,-0.09116627571960753,-0.6982491976449426,-0.35972189558351664,0,2,3,MELCCFP,0,Adaptation,0,en cours,16,Ministères et organismes gouvernementaux,0,0
-0.37920818038619386,-0.09116627571960753,-0.6982491976449426,-0.35972189558351664,0,2,3,MELCCFP,0,Adaptation,0,en cours,16,Ministères et organismes gouvernementaux,0,0
-0.37240157196459045,-0.0911662720316545,-0.6982491976449426,-0.35972189558351664,0,2,6,MSP,0,Adaptation,0,en cours,14,Milieu de la recherche scientifique,0,0
-0.37240157196459045,-0.0911662720316545,-0.6982491976449426,-0.35972189558351664,0,2,6,MSP,0,Adaptation,0,en cours,14,Milieu de la recherche scientifique,0,0
-0.37240157196459045,-0.0911662720316545,-0.6982491976449426,-0.35972189558351664,0,2,6,MSP,0,Adaptation,0,en cours,14,Milieu de la recherche scientifique,0,0
-0.3701820257401546,-0.0911662720316545,-0.6982491976449426,-0.35972189558351664,0,2,6,MSP,0,Adaptation,0,en cours,14,Milieu de la recherche scientifique,0,0
-0.3701820257401546,-0.0911662720316545,-0.6982491976449426,-0.35972189558351664,0,2,6,MSP,0,Adaptation,0,en cours,14,Milieu de la recherche scientifique,0,0
-0.08889153422997909,-0.09116618444277011,-0.6982491976449426,-0.35972189558351664,1,2,6,MSP,0,Adaptation,0,en cours,15,Milieu municipal,0,0
-0.27770093305532567,-0.09116618444277011,-0.6982491976449426,-0.35972189558351664,1,2,6,MSP,0,Adaptation,0,en cours,15,Milieu municipal,0,0
-0.2511331778252656,-0.09116618444277011,-0.6982491976449426,-0.35972189558351664,1,2,6,MSP,0,Adaptation,0,en cours,15,Milieu municipal,0,0
-0.3096192684649693,-0.09116618444277011,-0.6982491976449426,-0.35972189558351664,1,2,6,MSP,0,Adaptation,0,en cours,15,Milieu municipal,0,0
-0.27178214312349663,-0.09116618444277011,-0.6982491976449426,-0.35972189558351664,1,2,6,MSP,0,Adaptation,0,en cours,15,Milieu municipal,0,0
-0.3768406644134622,-0.09116625359188937,-0.6982491976449426,-0.35972189558351664,0,1,6,MSP,0,Adaptation,0,en cours,15,Milieu municipal,0,1
-0.3768406644134622,-0.09116625359188937,-0.6982491976449426,-0.35972189558351664,0,1,6,MSP,0,Adaptation,0,en cours,15,Milieu municipal,0,0
-0.3768406644134622,-0.09116625359188937,-0.6982491976449426,-0.35972189558351664,0,1,6,MSP,0,Adaptation,0,en cours,15,Milieu municipal,0,0
-0.3590842946179751,-0.09116626511674258,-0.6982491976449426,-0.35972189558351664,0,2,6,MSP,0,Adaptation,0,en cours,18,Organismes à but non lucratif,0,1
-0.3590842946179751,-0.09116626511674258,-0.6982491976449426,-0.35972189558351664,0,2,6,MSP,0,Adaptation,0,en cours,15,Milieu municipal,0,1
-0.3732844926556962,-0.09116625359188937,-0.6982491976449426,-0.35972189558351664,0,0,3,MELCCFP,0,Adaptation,0,en cours,16,Ministères et organismes gouvernementaux,0,0
-0.37860203414988025,-0.09116625359188937,-0.6982491976449426,-0.35972189558351664,0,0,3,MELCCFP,0,Adaptation,0,en cours,16,Ministères et organismes gouvernementaux,0,0
-0.3759292713833894,-0.09116625359188937,-0.6982491976449426,-0.35972189558351664,0,0,3,MELCCFP,0,Adaptation,0,en cours,16,Ministères et organismes gouvernementaux,0,0
-0.37584378925979894,-0.09116625359188937,-0.6982491976449426,-0.35972189558351664,0,0,3,MELCCFP,0,Adaptation,0,en cours,16,Ministères et organismes gouvernementaux,0,0
-0.38053990812085536,-0.09116627479761928,-0.6982491976449426,-0.35972189558351664,0,2,8,MTMD,0,Adaptation,0,en cours,16,Ministères et organismes gouvernementaux,0,0
-0.3806878778691511,-0.09116627479761928,-0.6982491976449426,-0.35972189558351664,0,2,8,MTMD,0,Adaptation,0,en cours,16,Ministères et organismes gouvernementaux,0,0
-0.37906021063789813,-0.09116627479761928,-0.6982491976449426,-0.35972189558351664,0,2,8,MTMD,0,Adaptation,0,en cours,16,Ministères et organismes gouvernementaux,0,0
-0.37906021063789813,-0.09116627479761928,-0.6982491976449426,-0.35972189558351664,0,2,8,MTMD,0,Adaptation,0,en cours,16,Ministères et organismes gouvernementaux,0,0
-0.37906021063789813,-0.09116627433662515,-0.6982491976449426,-0.35972189558351664,0,2,3,MELCCFP,0,Adaptation,0,en cours,16,Ministères et organismes gouvernementaux,0,0
-0.37906021063789813,-0.09116627433662515,-0.6982491976449426,-0.35972189558351664,0,2,3,MELCCFP,0,Adaptation,0,en cours,16,Ministères et organismes gouvernementaux,0,0
-0.3768406644134622,-0.09116627433662515,-0.6982491976449426,-0.35972189558351664,0,2,3,MELCCFP,0,Adaptation,0,en cours,16,Ministères et organismes gouvernementaux,0,0
-0.3768406644134622,-0.09116627433662515,-0.6982491976449426,-0.35972189558351664,0,2,3,MELCCFP,0,Adaptation,0,en cours,16,Ministères et organismes gouvernementaux,0,0
-0.3768406644134622,-0.09116627433662515,-0.6982491976449426,-0.35972189558351664,0,2,3,MELCCFP,0,Adaptation,0,en cours,16,Ministères et organismes gouvernementaux,0,0
-0.3590842946179751,-0.0911662766415958,-0.6982491976449426,-0.35972189558351664,0,3,3,MELCCFP,0,Adaptation,2,en élaboration,23,inconnu,0,0
-0.33688883237361616,-0.0911662766415958,-0.6982491976449426,-0.35972189558351664,1,3,3,MELCCFP,0,Adaptation,2,en élaboration,23,inconnu,0,0
-0.3590842946179751,-0.0911662766415958,-0.6982491976449426,-0.35972189558351664,0,3,3,MELCCFP,0,Adaptation,2,en élaboration,23,inconnu,0,0
-0.35926925680334476,-0.09116627479761928,-0.6982491976449426,-0.35972189558351664,0,1,5,MRNF,0,Adaptation,0,en cours,14,Milieu de la recherche scientifique,0,0
-0.3463219038274687,-0.09116627479761928,-0.6982491976449426,-0.35972189558351664,1,1,5,MRNF,0,Adaptation,0,en cours,14,Milieu de la recherche scientifique,0,0
-0.3553850509105819,-0.09116627479761928,-0.6982491976449426,-0.35972189558351664,1,1,5,MRNF,0,Adaptation,0,en cours,14,Milieu de la recherche scientifique,0,0
-0.3553850509105819,-0.09116627479761928,-0.6982491976449426,-0.35972189558351664,1,1,5,MRNF,0,Adaptation,0,en cours,14,Milieu de la recherche scientifique,0,0
-0.3664827820327614,-0.0911662752586134,0.1695954423128455,0.5282376779601593,0,2,9,MTO,0,Adaptation,0,en cours,18,Organismes à but non lucratif,0,0
-0.3664827820327614,-0.0911662752586134,0.1695954423128455,0.5282376779601593,0,2,9,MTO,0,Adaptation,0,en cours,18,Organismes à but non lucratif,0,0
-0.35887354426487245,-0.09116620749247653,0.4646626198984925,-0.33592457123875613,1,2,3,MELCCFP,0,Adaptation,0,en cours,3,Communautés autochtones,0,1
-0.35759508563959735,-0.09116620749247653,0.4646626198984925,-0.33592457123875613,1,2,3,MELCCFP,0,Adaptation,0,en cours,3,Communautés autochtones,0,0
-0.35652970345186813,-0.09116620749247653,0.4646626198984925,-0.33592457123875613,1,2,3,MELCCFP,0,Adaptation,0,en cours,3,Communautés autochtones,0,0
-0.3546452021691033,-0.09116620749247653,0.4646626198984925,-0.33592457123875613,1,2,3,MELCCFP,0,Adaptation,0,en cours,3,Communautés autochtones,0,0
-0.35357981998137405,-0.09116620749247653,0.4646626198984925,-0.33592457123875613,1,2,3,MELCCFP,0,Adaptation,0,en cours,3,Communautés autochtones,0,0
-0.35104953728551713,-0.09116620749247653,0.4646626198984925,-0.33592457123875613,1,2,3,MELCCFP,0,Adaptation,0,en cours,18,Organismes à but non lucratif,0,0
-0.3486790619178196,-0.09116620749247653,0.4646626198984925,-0.33592457123875613,1,2,3,MELCCFP,0,Adaptation,0,en cours,18,Organismes à but non lucratif,0,0
-0.3446572441591418,-0.09116620749247653,0.4646626198984925,-0.33592457123875613,1,2,3,MELCCFP,0,Adaptation,0,en cours,18,Organismes à but non lucratif,0,0
-0.34452407138567565,-0.09116620749247653,0.4646626198984925,-0.33592457123875613,1,2,3,MELCCFP,0,Adaptation,0,en cours,18,Organismes à but non lucratif,0,0
-0.33866446935316485,-0.09116620749247653,0.4646626198984925,-0.33592457123875613,1,2,3,MELCCFP,0,Adaptation,0,en cours,18,Organismes à but non lucratif,0,0
-0.3759528459236879,-0.09116627479761928,-0.3728074576607722,-0.10998324471281057,0,2,3,MELCCFP,0,Adaptation,0,en cours,14,Milieu de la recherche scientifique,0,0
-0.3759528459236879,-0.09116627479761928,-0.3728074576607722,-0.10998324471281057,0,2,3,MELCCFP,0,Adaptation,0,en cours,14,Milieu de la recherche scientifique,0,0
-0.3759528459236879,-0.09116627479761928,-0.3728074576607722,-0.10998324471281057,0,2,3,MELCCFP,0,Adaptation,0,en cours,14,Milieu de la recherche scientifique,0,0
-0.3759528459236879,-0.09116627479761928,-0.3728074576607722,-0.10998324471281057,0,2,3,MELCCFP,0,Adaptation,0,en cours,14,Milieu de la recherche scientifique,0,0
-0.3799480291276725,-0.09116627479761928,-0.3728074576607722,-0.10998324471281057,0,2,3,MELCCFP,0,Adaptation,0,en cours,14,Milieu de la recherche scientifique,0,0
-0.37661870979101864,-0.09116627479761928,-0.3728074576607722,-0.10998324471281057,0,3,3,MELCCFP,0,Adaptation,0,en cours,14,Milieu de la recherche scientifique,0,0
-0.37617480054613145,-0.09116627479761928,-0.3728074576607722,-0.10998324471281057,0,3,3,MELCCFP,0,Adaptation,0,en cours,14,Milieu de la recherche scientifique,0,0
-0.37661870979101864,-0.09116627479761928,-0.3728074576607722,-0.10998324471281057,0,3,3,MELCCFP,0,Adaptation,0,en cours,14,Milieu de la recherche scientifique,0,0
-0.37661870979101864,-0.09116627479761928,-0.3728074576607722,-0.10998324471281057,0,3,3,MELCCFP,0,Adaptation,0,en cours,14,Milieu de la recherche scientifique,0,0
-0.3795041198827853,-0.09116627479761928,-0.3728074576607722,-0.10998324471281057,0,3,3,MELCCFP,0,Adaptation,0,en cours,14,Milieu de la recherche scientifique,0,0
-0.3808358476174468,-0.0911662766415958,-0.6982491976449426,-0.35972189558351664,0,3,0,MAMH,0,Adaptation,2,en élaboration,14,Milieu de la recherche scientifique,0,0
-0.3808358476174468,-0.0911662766415958,-0.6982491976449426,-0.35972189558351664,0,3,0,MAMH,0,Adaptation,2,en élaboration,14,Milieu de la recherche scientifique,0,0
-0.3809098324915947,-0.0911662766415958,-0.6982491976449426,-0.35972189558351664,0,3,0,MAMH,0,Adaptation,2,en élaboration,14,Milieu de la recherche scientifique,0,0
-0.38098381736574255,-0.0911662766415958,-0.6982491976449426,-0.35972189558351664,0,3,0,MAMH,0,Adaptation,2,en élaboration,14,Milieu de la recherche scientifique,0,0
-0.3772845736583494,-0.0911662720316545,1.3845779382537482,0.2796091465451233,0,2,3,MELCCFP,0,Adaptation,0,en cours,3,Communautés autochtones,0,0
-0.3772845736583494,-0.0911662720316545,1.3845779382537482,0.2796091465451233,0,2,3,MELCCFP,0,Adaptation,0,en cours,3,Communautés autochtones,0,0
-0.3772845736583494,-0.0911662720316545,1.3845779382537482,0.2796091465451233,0,2,3,MELCCFP,0,Adaptation,0,en cours,3,Communautés autochtones,0,0
-0.3772845736583494,-0.0911662720316545,1.3845779382537482,0.2796091465451233,0,2,3,MELCCFP,0,Adaptation,0,en cours,3,Communautés autochtones,0,0
-0.3772845736583494,-0.0911662720316545,1.3845779382537482,0.2796091465451233,0,2,3,MELCCFP,0,Adaptation,0,en cours,3,Communautés autochtones,0,0
-0.38053990812085536,-0.09116627433662515,-0.6982491976449426,-0.35972189558351664,0,2,6,MSP,0,Adaptation,0,en cours,14,Milieu de la recherche scientifique,0,0
-0.38053990812085536,-0.09116627433662515,-0.6982491976449426,-0.35972189558351664,0,2,6,MSP,0,Adaptation,0,en cours,14,Milieu de la recherche scientifique,0,0
-0.38053990812085536,-0.09116627433662515,-0.6982491976449426,-0.35972189558351664,0,2,6,MSP,0,Adaptation,0,en cours,14,Milieu de la recherche scientifique,0,0
-0.3804659232467075,-0.09116627433662515,-0.6982491976449426,-0.35972189558351664,0,2,6,MSP,0,Adaptation,0,en cours,14,Milieu de la recherche scientifique,0,0
-0.38053990812085536,-0.09116627433662515,-0.6982491976449426,-0.35972189558351664,0,2,6,MSP,0,Adaptation,0,en cours,14,Milieu de la recherche scientifique,0,0
-0.3788012635783806,-0.0911662766415958,-0.6982491976449426,-0.35972189558351664,0,3,0,MAMH,0,Adaptation,4,non démarrée,23,inconnu,0,0
-0.3788012635783806,-0.0911662766415958,-0.6982491976449426,-0.35972189558351664,0,3,0,MAMH,0,Adaptation,4,non démarrée,23,inconnu,0,0
-0.3788012635783806,-0.0911662766415958,-0.6982491976449426,-0.35972189558351664,0,3,0,MAMH,0,Adaptation,4,non démarrée,23,inconnu,0,0
-0.3798000593793768,-0.0911662766415958,-0.6982491976449426,-0.35972189558351664,0,3,0,MAMH,0,Adaptation,4,non démarrée,23,inconnu,0,0
-0.38105780223989044,-0.0911662766415958,-0.6982491976449426,-0.35972189558351664,0,3,3,MELCCFP,0,Adaptation,4,non démarrée,23,inconnu,0,0
-0.38053990812085536,-0.0911662766415958,-0.6982491976449426,-0.35972189558351664,0,3,3,MELCCFP,0,Adaptation,4,non démarrée,23,inconnu,0,0
-0.38098381736574255,-0.0911662766415958,-0.6982491976449426,-0.35972189558351664,0,3,3,MELCCFP,0,Adaptation,4,non démarrée,23,inconnu,0,0
-0.38098381736574255,-0.0911662766415958,-0.6982491976449426,-0.35972189558351664,0,3,3,MELCCFP,0,Adaptation,4,non démarrée,23,inconnu,0,0
-0.3808358476174468,-0.0911662766415958,-0.6982491976449426,-0.35972189558351664,0,3,3,MELCCFP,0,Adaptation,4,non démarrée,23,inconnu,0,0
-0.3590842946179751,-0.0911662766415958,-0.6982491976449426,-0.35972189558351664,0,3,0,MAMH,0,Adaptation,4,non démarrée,23,inconnu,0,1
-0.38109479467696433,-0.0911662766415958,-0.6982491976449426,-0.35972189558351664,0,3,0,MAMH,0,Adaptation,4,non démarrée,23,inconnu,0,0
-0.38109479467696433,-0.0911662766415958,-0.6982491976449426,-0.35972189558351664,0,3,0,MAMH,0,Adaptation,4,non démarrée,23,inconnu,0,0
-0.38055174570071904,-0.0911662766415958,-0.6982491976449426,-0.35972189558351664,0,3,8,MTMD,0,Adaptation,2,en élaboration,4,Consultants et firmes en génie nordique,0,0
-0.3806878778691511,-0.0911662766415958,-0.6982491976449426,-0.35972189558351664,0,3,8,MTMD,0,Adaptation,2,en élaboration,4,Consultants et firmes en génie nordique,0,0
-0.3808476851973105,-0.0911662766415958,-0.6982491976449426,-0.35972189558351664,0,3,8,MTMD,0,Adaptation,2,en élaboration,4,Consultants et firmes en génie nordique,0,0
-0.3808476851973105,-0.0911662766415958,-0.6982491976449426,-0.35972189558351664,0,3,8,MTMD,0,Adaptation,2,en élaboration,4,Consultants et firmes en génie nordique,0,0
-0.3763973825603078,-0.09116626880469561,2.058433776338619,0.13802720615405334,0,2,3,MELCCFP,0,Adaptation,0,en cours,16,Ministères et organismes gouvernementaux,0,0
-0.37654355299646425,-0.09116626880469561,2.058433776338619,0.13802720615405334,0,2,3,MELCCFP,0,Adaptation,0,en cours,16,Ministères et organismes gouvernementaux,0,0
-0.38003681097664993,-0.09116626880469561,2.058433776338619,0.13802720615405334,0,2,3,MELCCFP,0,Adaptation,0,en cours,16,Ministères et organismes gouvernementaux,0,0
-0.37503699604479634,-0.09116627295364277,-0.5355283276528574,-0.29728722506150823,0,2,3,MELCCFP,0,Adaptation,0,en cours,2,Citoyens,0,1
-0.3757073345173156,-0.09116627295364277,-0.5355283276528574,-0.29728722506150823,0,2,3,MELCCFP,0,Adaptation,0,en cours,2,Citoyens,0,0
-0.3777116972149899,-0.09116627295364277,-0.5355283276528574,-0.29728722506150823,0,2,3,MELCCFP,0,Adaptation,0,en cours,2,Citoyens,0,0
-0.36796247951571864,-0.09116627618060166,0.603517762291739,3.6360935214869667,0,2,3,MELCCFP,0,Adaptation,0,en cours,14,Milieu de la recherche scientifique,0,0
-0.3635233870668469,-0.09116627618060166,0.603517762291739,3.6360935214869667,0,2,3,MELCCFP,0,Adaptation,0,en cours,14,Milieu de la recherche scientifique,0,0
-0.3590842946179751,-0.09116627618060166,0.603517762291739,3.6360935214869667,0,2,3,MELCCFP,0,Adaptation,0,en cours,14,Milieu de la recherche scientifique,0,0
-0.3590842946179751,-0.09116627618060166,0.603517762291739,3.6360935214869667,0,2,3,MELCCFP,0,Adaptation,0,en cours,14,Milieu de la recherche scientifique,0,0
-0.3701820257401546,-0.09116627618060166,0.603517762291739,3.6360935214869667,0,2,3,MELCCFP,0,Adaptation,0,en cours,14,Milieu de la recherche scientifique,0,0
-0.36174775008729815,-0.09116627387563102,0.8204789222811905,0.41724286076128464,0,2,5,MRNF,0,Adaptation,0,en cours,14,Milieu de la recherche scientifique,0,0
-0.3635233870668469,-0.09116627387563102,0.8204789222811905,0.41724286076128464,0,2,5,MRNF,0,Adaptation,0,en cours,14,Milieu de la recherche scientifique,0,0
-0.3635233870668469,-0.09116627387563102,0.8204789222811905,0.41724286076128464,0,2,5,MRNF,0,Adaptation,0,en cours,14,Milieu de la recherche scientifique,0,0
-0.3798000593793768,-0.0911662766415958,-0.6982491976449426,-0.35972189558351664,0,3,3,MELCCFP,0,Adaptation,4,non démarrée,23,inconnu,0,0
-0.3798000593793768,-0.0911662766415958,-0.6982491976449426,-0.35972189558351664,0,3,3,MELCCFP,0,Adaptation,4,non démarrée,23,inconnu,0,0
-0.3738812694475477,-0.09116627433662515,-0.4378958056576063,-0.1998891510346295,0,2,3,MELCCFP,2,Soutien à la transition,0,en cours,16,Ministères et organismes gouvernementaux,0,0
-0.3715137534748161,-0.09116627433662515,-0.4378958056576063,-0.1998891510346295,0,2,3,MELCCFP,2,Soutien à la transition,0,en cours,16,Ministères et organismes gouvernementaux,0,0
-0.3759528459236879,-0.09116627433662515,-0.4378958056576063,-0.1998891510346295,0,2,3,MELCCFP,2,Soutien à la transition,0,en cours,16,Ministères et organismes gouvernementaux,0,0
-0.37713660391005366,-0.09116627433662515,-0.4378958056576063,-0.1998891510346295,0,2,3,MELCCFP,2,Soutien à la transition,0,en cours,16,Ministères et organismes gouvernementaux,0,0
-0.37624878542027934,-0.09116627433662515,-0.4378958056576063,-0.1998891510346295,0,2,3,MELCCFP,2,Soutien à la transition,0,en cours,16,Ministères et organismes gouvernementaux,0,0
-0.37240157196459045,-0.09116627433662515,-0.17754241367026996,-0.0400564064857424,0,2,3,MELCCFP,2,Soutien à la transition,0,en cours,8,Fondation en environnement et développement durable,0,0
-0.3735853299509562,-0.09116627433662515,-0.17754241367026996,-0.0400564064857424,0,2,3,MELCCFP,2,Soutien à la transition,0,en cours,8,Fondation en environnement et développement durable,0,0
-0.3735853299509562,-0.09116627433662515,-0.17754241367026996,-0.0400564064857424,0,2,3,MELCCFP,2,Soutien à la transition,0,en cours,8,Fondation en environnement et développement durable,0,0
-0.3735853299509562,-0.09116627433662515,-0.17754241367026996,-0.0400564064857424,0,2,3,MELCCFP,2,Soutien à la transition,0,en cours,8,Fondation en environnement et développement durable,0,0
-0.37580487617539216,-0.09116625359188937,0.5167332982959612,-0.2851332680347523,0,1,3,MELCCFP,2,Soutien à la transition,0,en cours,7,Entreprises (petites ou moyennes entreprises),0,0
-0.3768406644134622,-0.09116625359188937,0.5167332982959612,-0.2851332680347523,0,1,3,MELCCFP,2,Soutien à la transition,0,en cours,7,Entreprises (petites ou moyennes entreprises),0,0
-0.3768406644134622,-0.09116625359188937,0.5167332982959612,-0.2851332680347523,0,1,3,MELCCFP,2,Soutien à la transition,0,en cours,7,Entreprises (petites ou moyennes entreprises),0,0
0.07683458386123423,-0.09116625820183065,-0.6982491976449426,-0.35972189558351664,1,2,3,MELCCFP,2,Soutien à la transition,0,en cours,1,Chambres de commerce,0,1
0.06618076198394195,-0.09116625820183065,-0.6982491976449426,-0.35972189558351664,1,2,3,MELCCFP,2,Soutien à la transition,0,en cours,1,Chambres de commerce,0,0
-0.12026112086867304,-0.09116625820183065,-0.6982491976449426,-0.35972189558351664,1,2,3,MELCCFP,2,Soutien à la transition,0,en cours,1,Chambres de commerce,0,0
-0.17353023025513445,-0.09116625820183065,-0.6982491976449426,-0.35972189558351664,1,2,3,MELCCFP,2,Soutien à la transition,0,en cours,1,Chambres de commerce,0,0
-0.21081860682565745,-0.09116625820183065,-0.6982491976449426,-0.35972189558351664,1,2,3,MELCCFP,2,Soutien à la transition,0,en cours,1,Chambres de commerce,0,0
-0.3441245530652772,-0.0911662752586134,0.603517762291739,0.9722174647319968,1,0,3,MELCCFP,2,Soutien à la transition,0,en cours,18,Organismes à but non lucratif,0,0
-0.36716344287492175,-0.0911662752586134,0.603517762291739,0.9722174647319968,0,0,3,MELCCFP,2,Soutien à la transition,0,en cours,18,Organismes à but non lucratif,0,0
-0.3768406644134622,-0.0911662752586134,0.603517762291739,0.9722174647319968,0,0,3,MELCCFP,2,Soutien à la transition,0,en cours,18,Organismes à but non lucratif,0,0
-0.3768406644134622,-0.0911662752586134,0.603517762291739,0.9722174647319968,0,0,3,MELCCFP,2,Soutien à la transition,0,en cours,18,Organismes à but non lucratif,0,0
-0.3783203618964195,-0.09116627618060166,0.603517762291739,3.6360935214869667,0,2,7,MSSS,2,Soutien à la transition,0,en cours,18,Organismes à but non lucratif,0,1
-0.3783203618964195,-0.09116627618060166,0.603517762291739,3.6360935214869667,0,2,7,MSSS,2,Soutien à la transition,0,en cours,18,Organismes à but non lucratif,0,0
-0.3783203618964195,-0.09116627618060166,0.603517762291739,3.6360935214869667,0,2,7,MSSS,2,Soutien à la transition,0,en cours,18,Organismes à but non lucratif,0,0
-0.3783203618964195,-0.09116627618060166,0.603517762291739,3.6360935214869667,0,2,7,MSSS,2,Soutien à la transition,0,en cours,18,Organismes à but non lucratif,0,0
-0.3783203618964195,-0.09116627618060166,0.603517762291739,3.6360935214869667,0,2,7,MSSS,2,Soutien à la transition,0,en cours,18,Organismes à but non lucratif,0,0
-0.358255664027519,-0.09116621625136498,1.547547237054986,-0.3070993688998348,1,2,3,MELCCFP,2,Soutien à la transition,0,en cours,18,Organismes à but non lucratif,1,0
-0.358255664027519,-0.09116621625136498,1.547547237054986,-0.3070993688998348,1,2,3,MELCCFP,2,Soutien à la transition,0,en cours,18,Organismes à but non lucratif,1,0
-0.38045112627187794,-0.09116621625136498,1.547547237054986,-0.3070993688998348,0,2,3,MELCCFP,2,Soutien à la transition,0,en cours,18,Organismes à but non lucratif,1,0
-0.38067308089432156,-0.0911662766415958,-0.6982491976449426,-0.35972189558351664,0,3,3,MELCCFP,2,Soutien à la transition,4,non démarrée,23,inconnu,0,0
-0.38120577198818617,-0.0911662766415958,-0.6982491976449426,-0.35972189558351664,0,3,3,MELCCFP,2,Soutien à la transition,4,non démarrée,23,inconnu,0,0
-0.38120577198818617,-0.0911662766415958,-0.6982491976449426,-0.35972189558351664,0,3,3,MELCCFP,2,Soutien à la transition,4,non démarrée,23,inconnu,0,0
-0.38120577198818617,-0.0911662766415958,-0.6982491976449426,-0.35972189558351664,0,3,3,MELCCFP,2,Soutien à la transition,4,non démarrée,23,inconnu,0,0
-0.38120577198818617,-0.0911662766415958,-0.6982491976449426,-0.35972189558351664,0,3,3,MELCCFP,2,Soutien à la transition,4,non démarrée,23,inconnu,0,0
-0.3161730676122145,-0.09116627387563102,0.3865566023022917,0.1952529303770539,1,2,3,MELCCFP,2,Soutien à la transition,0,en cours,15,Milieu municipal,0,1
-0.2673430506746249,-0.09116627387563102,0.3865566023022917,0.1952529303770539,1,2,3,MELCCFP,2,Soutien à la transition,0,en cours,15,Milieu municipal,0,0
-0.2673430506746249,-0.09116627387563102,0.3865566023022917,0.1952529303770539,1,2,3,MELCCFP,2,Soutien à la transition,0,en cours,15,Milieu municipal,0,0
-0.27059838513713086,-0.09116627387563102,0.3865566023022917,0.1952529303770539,1,2,3,MELCCFP,2,Soutien à la transition,0,en cours,15,Milieu municipal,0,0
-0.16968301679944559,-0.09116627387563102,0.3865566023022917,0.1952529303770539,1,2,3,MELCCFP,2,Soutien à la transition,0,en cours,15,Milieu municipal,0,0
-0.22875254031909947,-0.0911662766415958,-0.6982491976449426,-0.35972189558351664,1,1,0,MAMH,2,Soutien à la transition,0,en cours,15,Milieu municipal,0,1
-0.06314479802652273,-0.0911662766415958,-0.6982491976449426,-0.35972189558351664,1,1,0,MAMH,2,Soutien à la transition,0,en cours,15,Milieu municipal,0,0
-0.06314479802652273,-0.0911662766415958,-0.6982491976449426,-0.35972189558351664,1,1,0,MAMH,2,Soutien à la transition,0,en cours,15,Milieu municipal,0,0
-0.06314479802652273,-0.0911662766415958,-0.6982491976449426,-0.35972189558351664,1,1,0,MAMH,2,Soutien à la transition,0,en cours,15,Milieu municipal,0,0
0.003441588706554047,-0.0911662766415958,-0.6982491976449426,-0.35972189558351664,1,1,0,MAMH,2,Soutien à la transition,0,en cours,15,Milieu municipal,0,0
-0.37011691905090444,-0.09116625635785414,-0.668663584919109,-0.35765793932211587,0,2,3,MELCCFP,2,Soutien à la transition,0,en cours,3,Communautés autochtones,0,1
-0.3702678481941661,-0.09116625635785414,-0.668663584919109,-0.35765793932211587,0,2,3,MELCCFP,2,Soutien à la transition,0,en cours,3,Communautés autochtones,0,0
-0.36723239677762753,-0.09116625635785414,-0.668663584919109,-0.35765793932211587,0,2,3,MELCCFP,2,Soutien à la transition,0,en cours,3,Communautés autochtones,0,0
-0.36939275510274516,-0.09116625635785414,-0.668663584919109,-0.35765793932211587,0,2,3,MELCCFP,2,Soutien à la transition,0,en cours,3,Communautés autochtones,0,0
-0.37013260384422375,-0.09116625635785414,-0.668663584919109,-0.35765793932211587,0,2,3,MELCCFP,2,Soutien à la transition,0,en cours,3,Communautés autochtones,0,0
-0.37536096693050497,-0.09116627618060166,0.603517762291739,3.6360935214869667,0,0,3,MELCCFP,1,Atténuation,0,en cours,12,"Inuit, Cris, Naskapis",0,0
-0.37536096693050497,-0.09116627618060166,0.603517762291739,3.6360935214869667,0,0,3,MELCCFP,1,Atténuation,0,en cours,12,"Inuit, Cris, Naskapis",0,0
-0.37536096693050497,-0.09116627618060166,0.603517762291739,3.6360935214869667,0,0,3,MELCCFP,1,Atténuation,0,en cours,12,"Inuit, Cris, Naskapis",0,0
-0.37536096693050497,-0.09116627618060166,0.603517762291739,3.6360935214869667,0,0,3,MELCCFP,1,Atténuation,0,en cours,12,"Inuit, Cris, Naskapis",0,0
-0.3772845736583494,-0.09116627018767799,0.603517762291739,-0.07430624362135599,0,2,3,MELCCFP,2,Soutien à la transition,0,en cours,18,Organismes à but non lucratif,0,0
-0.37861630139301095,-0.09116627018767799,0.603517762291739,-0.07430624362135599,0,2,3,MELCCFP,2,Soutien à la transition,0,en cours,18,Organismes à but non lucratif,0,0
-0.37861630139301095,-0.09116627018767799,0.603517762291739,-0.07430624362135599,0,2,3,MELCCFP,2,Soutien à la transition,0,en cours,18,Organismes à but non lucratif,0,0
-0.37861630139301095,-0.09116627018767799,0.603517762291739,-0.07430624362135599,0,2,3,MELCCFP,2,Soutien à la transition,0,en cours,18,Organismes à but non lucratif,0,0
-0.37861630139301095,-0.09116627018767799,0.603517762291739,-0.07430624362135599,0,2,3,MELCCFP,2,Soutien à la transition,0,en cours,18,Organismes à but non lucratif,0,0
-0.15881463878712448,-0.09116627157066037,2.733681878551768,0.5979537444103614,1,1,3,MELCCFP,2,Soutien à la transition,0,en cours,7,Entreprises (petites ou moyennes entreprises),0,1
0.05182029791184172,-0.09116627157066037,2.733681878551768,0.5979537444103614,1,1,3,MELCCFP,2,Soutien à la transition,0,en cours,7,Entreprises (petites ou moyennes entreprises),0,0
-0.046283645208224734,-0.09116627157066037,2.733681878551768,0.5979537444103614,1,1,3,MELCCFP,2,Soutien à la transition,0,en cours,7,Entreprises (petites ou moyennes entreprises),0,0
-0.14721529021822252,-0.09116627157066037,2.733681878551768,0.5979537444103614,1,1,3,MELCCFP,2,Soutien à la transition,0,en cours,7,Entreprises (petites ou moyennes entreprises),0,0
-0.2774049935587342,-0.09116627157066037,2.733681878551768,0.5979537444103614,1,1,3,MELCCFP,2,Soutien à la transition,0,en cours,7,Entreprises (petites ou moyennes entreprises),0,0
-0.38098381736574255,-0.0911662766415958,-0.6982491976449426,-0.35972189558351664,0,3,3,MELCCFP,2,Soutien à la transition,5,retirée du PMO,7,Entreprises (petites ou moyennes entreprises),0,0
-0.38098381736574255,-0.0911662766415958,-0.6982491976449426,-0.35972189558351664,0,3,3,MELCCFP,2,Soutien à la transition,5,retirée du PMO,7,Entreprises (petites ou moyennes entreprises),0,0
-0.38098381736574255,-0.0911662766415958,-0.6982491976449426,-0.35972189558351664,0,3,3,MELCCFP,2,Soutien à la transition,5,retirée du PMO,7,Entreprises (petites ou moyennes entreprises),0,0
-0.38098381736574255,-0.0911662766415958,-0.6982491976449426,-0.35972189558351664,0,3,3,MELCCFP,2,Soutien à la transition,5,retirée du PMO,7,Entreprises (petites ou moyennes entreprises),0,0
-0.36130384084241096,-0.09116627387563102,1.2544012422600799,0.6392327911455107,0,2,4,MRIF,2,Soutien à la transition,0,en cours,13,Les Offices jeunesses internationaux du Québec (LOJIQ),0,0
-0.36130384084241096,-0.09116627387563102,1.2544012422600799,0.6392327911455107,0,2,4,MRIF,2,Soutien à la transition,0,en cours,13,Les Offices jeunesses internationaux du Québec (LOJIQ),0,0
-0.36130384084241096,-0.09116627387563102,1.2544012422600799,0.6392327911455107,0,2,4,MRIF,2,Soutien à la transition,0,en cours,13,Les Offices jeunesses internationaux du Québec (LOJIQ),0,0
-0.36130384084241096,-0.09116627387563102,1.2544012422600799,0.6392327911455107,0,2,4,MRIF,2,Soutien à la transition,0,en cours,13,Les Offices jeunesses internationaux du Québec (LOJIQ),0,0
-0.36130384084241096,-0.09116627387563102,1.2544012422600799,0.6392327911455107,0,2,4,MRIF,2,Soutien à la transition,0,en cours,13,Les Offices jeunesses internationaux du Québec (LOJIQ),0,0
-0.3220918575440435,-0.09116627433662515,2.4259915062030935,1.5582710390031287,1,2,4,MRIF,0,Adaptation,0,en cours,10,Gouvernements nationaux des pays bénéficiaires,0,0
-0.35926901857205,-0.09116624529399506,0.10578333643359548,-0.32342768864727056,0,2,3,MELCCFP,0,Adaptation,0,en cours,16,Ministères et organismes gouvernementaux,0,0
-0.3605588545912715,-0.09116624529399506,0.10578333643359548,-0.32342768864727056,0,2,3,MELCCFP,0,Adaptation,0,en cours,16,Ministères et organismes gouvernementaux,0,0
-0.35067708263208197,-0.09116624529399506,0.10578333643359548,-0.32342768864727056,1,2,3,MELCCFP,0,Adaptation,0,en cours,16,Ministères et organismes gouvernementaux,0,0
-0.359535651180294,-0.09116624529399506,0.10578333643359548,-0.32342768864727056,0,2,3,MELCCFP,0,Adaptation,0,en cours,16,Ministères et organismes gouvernementaux,0,0
-0.35654015159579533,-0.09116624529399506,0.10578333643359548,-0.32342768864727056,1,2,3,MELCCFP,0,Adaptation,0,en cours,16,Ministères et organismes gouvernementaux,0,0
-0.3797810748606704,-0.09116627018767799,0.603517762291739,-0.07430624362135599,0,2,3,MELCCFP,0,Adaptation,0,en cours,16,Ministères et organismes gouvernementaux,0,0
-0.3800959988759682,-0.0911662720316545,0.3431643703044027,-0.04005637451919665,0,2,3,MELCCFP,1,Atténuation,0,en cours,23,inconnu,0,0
-0.3795041198827853,-0.0911662720316545,0.3431643703044027,-0.04005637451919665,0,2,3,MELCCFP,1,Atténuation,0,en cours,23,inconnu,0,0
-0.3795041198827853,-0.0911662720316545,0.3431643703044027,-0.04005637451919665,0,2,3,MELCCFP,1,Atténuation,0,en cours,23,inconnu,0,0
-0.3795041198827853,-0.0911662720316545,0.3431643703044027,-0.04005637451919665,0,2,3,MELCCFP,1,Atténuation,0,en cours,23,inconnu,0,0
-0.3795041198827853,-0.0911662720316545,0.3431643703044027,-0.04005637451919665,0,2,3,MELCCFP,1,Atténuation,0,en cours,23,inconnu,0,0
-0.3799480291276725,-0.09116627636499931,0.603517762291739,6.299966026413115,0,0,3,MELCCFP,0,Adaptation,0,en cours,14,Milieu de la recherche scientifique,0,1
-0.3799480291276725,-0.09116627636499931,0.603517762291739,6.299966026413115,0,0,3,MELCCFP,0,Adaptation,0,en cours,14,Milieu de la recherche scientifique,0,0
-0.3768406644134622,-0.09116627636499931,0.603517762291739,6.299966026413115,0,0,3,MELCCFP,0,Adaptation,0,en cours,14,Milieu de la recherche scientifique,0,0
-0.3768406644134622,-0.09116627636499931,0.603517762291739,6.299966026413115,0,0,3,MELCCFP,0,Adaptation,0,en cours,14,Milieu de la recherche scientifique,0,0
-0.3768406644134622,-0.09116627636499931,0.603517762291739,6.299966026413115,0,0,3,MELCCFP,0,Adaptation,0,en cours,14,Milieu de la recherche scientifique,0,0
-0.35020610972023153,-0.09116624621598332,0.051252991409510784,-0.3248639673491179,1,2,3,MELCCFP,0,Adaptation,0,en cours,18,Organismes à but non lucratif,0,1
-0.3422157433122623,-0.09116624621598332,0.051252991409510784,-0.3248639673491179,1,2,3,MELCCFP,0,Adaptation,0,en cours,18,Organismes à but non lucratif,0,0
-0.33777665086339054,-0.09116624621598332,0.051252991409510784,-0.3248639673491179,1,2,3,MELCCFP,0,Adaptation,0,en cours,18,Organismes à but non lucratif,0,0
-0.33777665086339054,-0.09116624621598332,0.051252991409510784,-0.3248639673491179,1,2,3,MELCCFP,0,Adaptation,0,en cours,18,Organismes à but non lucratif,0,0
-0.33688883237361616,-0.09116624621598332,0.051252991409510784,-0.3248639673491179,1,2,3,MELCCFP,0,Adaptation,0,en cours,18,Organismes à but non lucratif,0,0
-0.3783203618964195,-0.0911662766415958,-0.6982491976449426,-0.35972189558351664,0,3,3,MELCCFP,2,Soutien à la transition,2,en élaboration,23,inconnu,0,0
-0.3768406644134622,-0.0911662766415958,-0.6982491976449426,-0.35972189558351664,0,3,3,MELCCFP,2,Soutien à la transition,2,en élaboration,23,inconnu,0,0
-0.3746211181890263,-0.0911662766415958,-0.6982491976449426,-0.35972189558351664,0,3,3,MELCCFP,2,Soutien à la transition,2,en élaboration,23,inconnu,0,0
-0.37536096693050497,-0.0911662766415958,-0.6982491976449426,-0.35972189558351664,0,3,3,MELCCFP,2,Soutien à la transition,2,en élaboration,23,inconnu,0,0
-0.37536096693050497,-0.0911662766415958,-0.6982491976449426,-0.35972189558351664,0,3,3,MELCCFP,2,Soutien à la transition,2,en élaboration,23,inconnu,0,0
-0.2291668556143275,-0.0911662752586134,1.0374400822706284,1.41619725150383,1,2,3,MELCCFP,2,Soutien à la transition,0,en cours,14,Milieu de la recherche scientifique,1,0
-0.2558014103075582,-0.0911662752586134,1.0374400822706284,1.41619725150383,1,2,3,MELCCFP,2,Soutien à la transition,0,en cours,14,Milieu de la recherche scientifique,1,0
-0.32327561553040934,-0.0911662752586134,1.0374400822706284,1.41619725150383,1,2,3,MELCCFP,2,Soutien à la transition,0,en cours,14,Milieu de la recherche scientifique,1,0
-0.29841669781672736,-0.0911662752586134,1.0374400822706284,1.41619725150383,1,2,3,MELCCFP,2,Soutien à la transition,0,en cours,14,Milieu de la recherche scientifique,1,0
-0.33392943740770165,-0.0911662752586134,1.0374400822706284,1.41619725150383,1,2,3,MELCCFP,2,Soutien à la transition,0,en cours,14,Milieu de la recherche scientifique,1,0
-0.3808358476174468,-0.0911662766415958,-0.6982491976449426,-0.35972189558351664,0,3,3,MELCCFP,0,Adaptation,2,en élaboration,23,inconnu,0,0
-0.3808358476174468,-0.0911662766415958,-0.6982491976449426,-0.35972189558351664,0,3,3,MELCCFP,0,Adaptation,2,en élaboration,23,inconnu,0,0
-0.38012559282562736,-0.0911662766415958,-0.6982491976449426,-0.35972189558351664,0,3,3,MELCCFP,2,Soutien à la transition,2,en élaboration,23,inconnu,0,0
-0.3802735625739231,-0.0911662766415958,-0.6982491976449426,-0.35972189558351664,0,3,3,MELCCFP,2,Soutien à la transition,2,en élaboration,23,inconnu,0,0
-0.3755856441963172,-0.09116627249264864,-0.6982491976449426,-0.35972189558351664,0,2,3,MELCCFP,2,Soutien à la transition,0,en cours,14,Milieu de la recherche scientifique,0,0
-0.3758397733608302,-0.09116627249264864,-0.6982491976449426,-0.35972189558351664,0,2,3,MELCCFP,2,Soutien à la transition,0,en cours,14,Milieu de la recherche scientifique,0,0
-0.3742113721996257,-0.09116627249264864,-0.6982491976449426,-0.35972189558351664,0,2,3,MELCCFP,2,Soutien à la transition,0,en cours,14,Milieu de la recherche scientifique,0,0
-0.3765447249168708,-0.09116627249264864,-0.6982491976449426,-0.35972189558351664,0,2,3,MELCCFP,2,Soutien à la transition,0,en cours,14,Milieu de la recherche scientifique,0,0
-0.3765447249168708,-0.09116627249264864,-0.6982491976449426,-0.35972189558351664,0,2,3,MELCCFP,2,Soutien à la transition,0,en cours,14,Milieu de la recherche scientifique,0,0
-0.2938083398133851,-0.0911662766415958,-0.6982491976449426,-0.35972189558351664,1,3,10,inconnu,3,inconnu,3,inconnu,23,inconnu,0,0
-0.32193628806947533,-0.0911662766415958,-0.6982491976449426,-0.35972189558351664,1,3,10,inconnu,3,inconnu,3,inconnu,23,inconnu,0,0
-0.37412221598718504,-0.0911662766415958,-0.6982491976449426,-0.35972189558351664,0,3,10,inconnu,3,inconnu,3,inconnu,23,inconnu,0,0
-0.38071503179766086,-0.0911662766415958,-0.6982491976449426,-0.35972189558351664,0,3,10,inconnu,3,inconnu,3,inconnu,23,inconnu,0,0
-0.3807597452962009,-0.0911662766415958,-0.6982491976449426,-0.35972189558351664,0,3,10,inconnu,3,inconnu,3,inconnu,23,inconnu,0,0
-0.34740109159271393,-0.0911662766415958,-0.6982491976449426,-0.35972189558351664,1,3,10,inconnu,3,inconnu,3,inconnu,23,inconnu,0,1
-0.3468195542052394,-0.0911662766415958,-0.6982491976449426,-0.35972189558351664,1,3,10,inconnu,3,inconnu,3,inconnu,23,inconnu,0,0
-0.3461975796449506,-0.0911662766415958,-0.6982491976449426,-0.35972189558351664,1,3,10,inconnu,3,inconnu,3,inconnu,23,inconnu,0,0
-0.34548606711027063,-0.0911662766415958,-0.6982491976449426,-0.35972189558351664,1,3,10,inconnu,3,inconnu,3,inconnu,23,inconnu,0,0
-0.34475767418670505,-0.0911662766415958,-0.6982491976449426,-0.35972189558351664,1,3,10,inconnu,3,inconnu,3,inconnu,23,inconnu,0,0
